Lieu,Prix,Details,Lien,Lat,Lon
Lyon 2ème (69002),790 €,37 m² - 2 pièces,https://www.vizzit.fr/fr/property/appartement/lyon-2/A35i0mshebnannbp,45.759261,4.831931
Lyon 7ème (69007),1 200 €,84 m² - 4 pièces,https://www.vizzit.fr/fr/property/appartement/lyon-7/Ay9qilldi03z17dp,45.72788,4.83974
Lyon 2ème (69002),1 580 €,110 m² - 5 pièces,https://www.vizzit.fr/fr/property/appartement/lyon-2/A11oren1gjmmsydb,45.74431,4.8183
Lyon 7ème (69007),898 €,38 m² - 2 pièces,https://www.vizzit.fr/fr/property/appartement/lyon-7/Ax2tioxss9fb96w4,45.74952,4.84683
Lyon 2ème (69002),775 €,60 m² - 2 pièces,https://www.vizzit.fr/fr/property/appartement/lyon-2/Axnno2cyggab1i4k,45.74889,4.82554
Lyon 2ème (69002),1 160 €,33 m² - 1 pièce,https://www.vizzit.fr/fr/property/appartement/lyon-2/A1m9odzlv4k20y0o,45.75798,4.82916
Lyon 7ème (69007),681 €,35 m² - 2 pièces,https://www.vizzit.fr/fr/property/appartement/lyon-7/Ajls3g2wuztndaz8,45.74715,4.84382
Lyon 7ème (69007),967 €,48 m² - 2 pièces,https://www.vizzit.fr/fr/property/appartement/lyon-7/Azhpoxt7nuwj6bgg,45.74951,4.8561
Lyon 7ème (69007),995 €,55 m² - 2 pièces,https://www.vizzit.fr/fr/property/appartement/lyon-7/Aq0an27l4p52nh51,45.73033,4.83491
Lyon 4ème (69004),1 845 €,75 m² - 3 pièces,https://www.vizzit.fr/fr/property/appartement/lyon-4/Aasdy4266caqqgwp,45.77372,4.82458
Lyon 2ème (69002),950 €,56 m² - 2 pièces,https://www.vizzit.fr/fr/property/appartement/lyon-2/A1b1pp6prmqb0fuw,45.75266,4.83281
Lyon 3ème (69003),787 €,45 m² - 2 pièces,https://www.vizzit.fr/fr/property/appartement/lyon-3/Asthwtrdrcfc5quf,45.75409,4.89005
Lyon 8ème (69008),895 €,38 m² - 2 pièces,https://www.vizzit.fr/fr/property/appartement/lyon-8/Aachvx726d3c1pur,45.73662,4.87679
Lyon 7ème (69007),1 270 €,64 m² - 3 pièces,https://www.vizzit.fr/fr/property/appartement/lyon-7/Awbxfl396j74hnfm,45.74481,4.84723
Lyon 3ème (69003),1 200 €,54 m² - 2 pièces,https://www.vizzit.fr/fr/property/appartement/lyon-3/Atrhqur11n9i6v63,45.75318,4.85612
Lyon 8ème (69008),403 €,21 m² - Studio,https://www.vizzit.fr/fr/property/appartement/lyon-8/A154kxcws3ittrvw,45.73704,4.85102
Lyon 2ème (69002),1 470 €,81 m² - 3 pièces,https://www.vizzit.fr/fr/property/appartement/lyon-2/Awp9gh23038mdyj6,45.75261,4.8264
Lyon 2ème (69002),1 347 €,59 m² - 2 pièces,https://www.vizzit.fr/fr/property/appartement/lyon-2/A3zghjd755l4co5k,45.75174,4.82815
Lyon 6ème (69006),1 950 €,105 m² - 3 pièces,https://www.vizzit.fr/fr/property/appartement/lyon-6/A1xqteyld2ut6lvs,45.77018,4.85663
Lyon 4ème (69004),685 €,40 m² - Studio,https://www.vizzit.fr/fr/property/appartement/lyon-4/Abj6j3igvad3z4l0,45.77886,4.83355
Lyon 7ème (69007),655 €,27 m² - 1 pièce,https://www.vizzit.fr/fr/property/appartement/lyon-7/Ahzre22hlavldejg,45.7532,4.84297
Lyon 3ème (69003),1 045 €,75 m² - 2 pièces,https://www.vizzit.fr/fr/property/appartement/lyon-3/Ainpl32eelz5fx2n,45.758105,4.842759
Lyon 2ème (69002),1 215 €,82 m² - 3 pièces,https://www.vizzit.fr/fr/property/appartement/lyon-2/Ag06cz8p1zmfwxwn,45.761091,4.837474
Lyon 3ème (69003),1 368 €,70 m² - 3 pièces,https://www.vizzit.fr/fr/property/appartement/lyon-3/Akx3x719idarlq2w,45.74513,4.87338
Lyon 8ème (69008),700 €,21 m² - 1 pièce,https://www.vizzit.fr/fr/property/appartement/lyon-8/A9rckhrzlbb6v1vl,45.72416,4.85201
Lyon 6ème (69006),460 €,58 m² - 3 pièces,https://www.vizzit.fr/fr/property/appartement/lyon-6/A3y6bre9kz3n2o8c,45.76422,4.8494
Lyon 2ème (69002),850 €,26 m² - 2 pièces,https://www.vizzit.fr/fr/property/appartement/lyon-2/Aylytgiv76stkorn,45.75293,4.82601
Lyon 7ème (69007),1 062 €,54 m² - 2 pièces,https://www.vizzit.fr/fr/property/appartement/lyon-7/Aoe3nl78d9vl6z3m,45.7304,4.83994
Lyon 9ème (69009),1 325 €,82 m² - 4 pièces,https://www.vizzit.fr/fr/property/appartement/lyon-9/Az331u8cg2rdyi3d,45.77283,4.80034
Lyon 7ème (69007),544 €,23 m² - Studio,https://www.vizzit.fr/fr/property/appartement/lyon-7/Aji9tkgvdk1ne267,45.75232,4.84314
Lyon 2ème (69002),2 800 €,150 m² - 5 pièces,https://www.vizzit.fr/fr/property/appartement/lyon-2/Akx2nrjdc7hjed3z,45.75664,4.83133
Lyon 1er (69001),690 €,18 m² - Studio,https://www.vizzit.fr/fr/property/appartement/lyon-1/A68zcpc354v9pf1m,45.76794,4.83183
Lyon 3ème (69003),940 €,52 m² - 2 pièces,https://www.vizzit.fr/fr/property/appartement/lyon-3/A7n72ukkeqdgdvxg,45.757,4.87637
Lyon 3ème (69003),1 070 €,50 m² - 3 pièces,https://www.vizzit.fr/fr/property/appartement/lyon-3/Ajan00dxrcpsewjn,45.75662,4.84365
Lyon 4ème (69004),470 €,19 m² - Studio,https://www.vizzit.fr/fr/property/appartement/lyon-4/Azhsw32g5n8ohoz8,45.77973,4.8401
Lyon 8ème (69008),650 €,26 m² - Studio,https://www.vizzit.fr/fr/property/appartement/lyon-8/Agizn8lx71ttiblw,45.7391,4.87927
Lyon 7ème (69007),1 070 €,40 m² - 2 pièces,https://www.vizzit.fr/fr/property/appartement/lyon-7/A002r688tedsrgjm,45.7527,4.83882
Lyon 7ème (69007),571 €,18 m² - Studio,https://www.vizzit.fr/fr/property/appartement/lyon-7/Anlelaeqd5yfi3vr,45.73472,4.83954
Lyon 7ème (69007),473 €,31 m² - 2 pièces,https://www.vizzit.fr/fr/property/appartement/lyon-7/Af0px6n6rfugx6t9,45.75274,4.83689
Lyon 9ème (69009),1 210 €,76 m² - 4 pièces,https://www.vizzit.fr/fr/property/appartement/lyon-9/A6wsienb1lvvc0hs,45.79519,4.81577
Lyon 3ème (69003),1 340 €,67 m² - 3 pièces,https://www.vizzit.fr/fr/property/appartement/lyon-3/Ay9r3b2xfd2ue8de,45.75636,4.85437
Lyon 3ème (69003),1 480 €,69 m² - 3 pièces,https://www.vizzit.fr/fr/property/appartement/lyon-3/Atm66etxwq6e7f47,45.75031,4.86676
Lyon 7ème (69007),676 €,20 m² - Studio,https://www.vizzit.fr/fr/property/appartement/lyon-7/Akrqffc194vev8gd,45.71739,4.82934
Lyon 3ème (69003),960 €,38 m² - 2 pièces,https://www.vizzit.fr/fr/property/appartement/lyon-3/A4kyzntxzfferzuw,45.75388,4.88115
Lyon 2ème (69002),930 €,31 m² - Studio,https://www.vizzit.fr/fr/property/appartement/lyon-2/Axfu6acnqhyzaimy,45.76192,4.83467
Lyon 9ème (69009),1 180 €,70 m² - 3 pièces,https://www.vizzit.fr/fr/property/appartement/lyon-9/Ahd8gdt9k5bz033z,45.80058,4.82572
Lyon 3ème (69003),880 €,50 m² - 2 pièces,https://www.vizzit.fr/fr/property/appartement/lyon-3/A7ckxb0sivifi90p,45.7583,4.85539
Lyon 6ème (69006),660 €,27 m² - Studio,https://www.vizzit.fr/fr/property/appartement/lyon-6/Av2ihzevv77wgx0b,45.77031,4.85727
Lyon 7ème (69007),1 390 €,82 m² - 3 pièces,https://www.vizzit.fr/fr/property/appartement/lyon-7/Ai5gaju591i8f839,45.74441,4.84547
Lyon 9ème (69009),910 €,42 m² - 2 pièces,https://www.vizzit.fr/fr/property/appartement/lyon-9/Agonzpdx25z5v7wa,45.77144,4.80211
Lyon 8ème (69008),983 €,39 m² - 2 pièces,https://www.vizzit.fr/fr/property/appartement/lyon-8/Aqahiddeoc9eihrl,45.74305,4.86962
Lyon 3ème (69003),795 €,29 m² - 1 pièce,https://www.vizzit.fr/fr/property/appartement/lyon-3/A2ng11x7ga4iekl7,45.75025,4.88223
Lyon 4ème (69004),721 €,36 m² - 2 pièces,https://www.vizzit.fr/fr/property/appartement/lyon-4/Aoic3v6ylct40dpa,45.77659,4.83301
Lyon 3ème (69003),685 €,33 m² - 1 pièce,https://www.vizzit.fr/fr/property/appartement/lyon-3/As5fz2v21tgpk77q,45.75672,4.84675
Lyon 2ème (69002),550 €,15 m² - 1 pièce,https://www.vizzit.fr/fr/property/appartement/lyon-2/A8nl1ht9yavhahzt,45.75478,4.82977
Lyon 7ème (69007),1 476 €,106 m² - 5 pièces,https://www.vizzit.fr/fr/property/appartement/lyon-7/A1peougvmn1i0y4a,45.7494,4.84618
Lyon 4ème (69004),650 €,32 m² - Studio,https://www.vizzit.fr/fr/property/appartement/lyon-4/A1g8blpvhc35h1yh,45.7792,4.83644
Lyon 7ème (69007),957 €,50 m² - 2 pièces,https://www.vizzit.fr/fr/property/appartement/lyon-7/Aqw5457veepn7kbn,45.7479,4.83765
Lyon 3ème (69003),616 €,29 m² - Studio,https://www.vizzit.fr/fr/property/appartement/lyon-3/Acjhthh0r9to4f5w,45.75709,4.86746
Lyon 9ème (69009),1 090 €,72 m² - 3 pièces,https://www.vizzit.fr/fr/property/appartement/lyon-9/A63l9dmwyxl8newa,45.77232,4.81081
Lyon 3ème (69003),552 €,25 m² - 1 pièce,https://www.vizzit.fr/fr/property/appartement/lyon-3/A263dnmt6oyadzzc,45.75496,4.84429
Lyon 6ème (69006),1 155 €,78 m² - 3 pièces,https://www.vizzit.fr/fr/property/appartement/lyon-6/Aulguom5j564odyu,45.765912,4.843917
Lyon 9ème (69009),955 €,47 m² - 2 pièces,https://www.vizzit.fr/fr/property/appartement/lyon-9/A0fdshvkt63npli4,45.785094,4.812683
Lyon 2ème (69002),540 €,21 m² - 1 pièce,https://www.vizzit.fr/fr/property/appartement/lyon-2/Azlw4ia2i5ag5bji,45.75113,4.829983
Lyon 7ème (69007),469 €,18 m² - Studio,https://www.vizzit.fr/fr/property/appartement/lyon-7/Atwphl7coyaeykx9,45.75247,4.83915
Lyon 3ème (69003),750 €,30 m² - 1 pièce,https://www.vizzit.fr/fr/property/appartement/lyon-3/Adg2y1lbqbzqyjej,45.75627,4.86259
Lyon 2ème (69002),1 094 €,60 m² - 2 pièces,https://www.vizzit.fr/fr/property/appartement/lyon-2/Alm2ws0dyvt787sx,45.75699,4.83222
Lyon 1er (69001),950 €,40 m² - 2 pièces,https://www.vizzit.fr/fr/property/appartement/lyon-1/Ar90a2qje59c9x33,45.76677,4.83477
Lyon 7ème (69007),1 395 €,75 m² - 3 pièces,https://www.vizzit.fr/fr/property/appartement/lyon-7/Ahh1sm0uzi0bo3nm,45.74952,4.84281
Lyon 1er (69001),805 €,35 m² - 1 pièce,https://www.vizzit.fr/fr/property/appartement/lyon-1/A6i9fyvjksjd1za1,45.76899,4.83492
Lyon 2ème (69002),910 €,27 m² - Studio,https://www.vizzit.fr/fr/property/appartement/lyon-2/Azipzjo7lxz7zl0o,45.75798,4.82916
Lyon 3ème (69003),1 450 €,68 m² - 3 pièces,https://www.vizzit.fr/fr/property/appartement/lyon-3/A0crq3zyjvesla2s,45.75823,4.85017
Lyon 7ème (69007),518 €,13 m² - 1 pièce,https://www.vizzit.fr/fr/property/appartement/lyon-7/Aq99xyre5zdlli0b,45.74675,4.84718
Lyon 6ème (69006),920 €,37 m² - 2 pièces,https://www.vizzit.fr/fr/property/appartement/lyon-6/Axrnfaid8boiqrew,45.7731,4.85203
Lyon 1er (69001),356 €,16 m² - 1 pièce,https://www.vizzit.fr/fr/property/appartement/lyon-1/A6g1sqo1ebh8mgjc,45.76659,4.83425
Lyon 3ème (69003),1 200 €,18 m² - Studio,https://www.vizzit.fr/fr/property/appartement/lyon-3/A1hc9g9ew8x4lbzj,45.75805,4.87293
Lyon 3ème (69003),1 200 €,18 m² - Studio,https://www.vizzit.fr/fr/property/appartement/lyon-3/Ai8teeoqc7hqek0v,45.75643,4.8722
Lyon 4ème (69004),820 €,37 m² - 2 pièces,https://www.vizzit.fr/fr/property/appartement/lyon-4/A0lynry1tq909f15,45.78258,4.81665
Lyon 5ème (69005),1 467 €,72 m² - 3 pièces,https://www.vizzit.fr/fr/property/appartement/lyon-5/A29ebami9h47cl9z,45.76463,4.82845
Lyon 3ème (69003),1 845 €,95 m² - 3 pièces,https://www.vizzit.fr/fr/property/appartement/lyon-3/Aj8hgqjoloyuppgm,45.7589,4.84364
Lyon 2ème (69002),907 €,45 m² - 2 pièces,https://www.vizzit.fr/fr/property/appartement/lyon-2/Are9qxxqgs09ua7m,45.74678,4.82072
Lyon 1er (69001),800 €,46 m² - 2 pièces,https://www.vizzit.fr/fr/property/appartement/lyon-1/A6d3landgzcz3zk2,45.76899,4.83492
Lyon 2ème (69002),1 500 €,83 m² - 3 pièces,https://www.vizzit.fr/fr/property/appartement/lyon-2/Ab7ei0neo6znkbdf,45.75581,4.83148
Lyon 7ème (69007),1 425 €,102 m² - 4 pièces,https://www.vizzit.fr/fr/property/appartement/lyon-7/A1fyv01lqtzjsyk5,45.74502,4.84629
Lyon 3ème (69003),1 520 €,87 m² - 4 pièces,https://www.vizzit.fr/fr/property/appartement/lyon-3/Adk3ndklwqmyennd,45.76327,4.84808
Lyon 7ème (69007),655 €,27 m² - 2 pièces,https://www.vizzit.fr/fr/property/appartement/lyon-7/Ayt04lofl185mgtr,45.73497,4.83956
Lyon 4ème (69004),755 €,52 m² - 2 pièces,https://www.vizzit.fr/fr/property/appartement/lyon-4/Au8jv092pzuk5wq7,45.77984,4.8354
Lyon 4ème (69004),715 €,30 m² - 2 pièces,https://www.vizzit.fr/fr/property/appartement/lyon-4/A3sm1uar7queca31,45.77927,4.82962
Lyon 9ème (69009),650 €,23 m² - Studio,https://www.vizzit.fr/fr/property/appartement/lyon-9/Al6kf36bnqik74g9,45.76107,4.80825
Lyon 7ème (69007),721 €,35 m² - 2 pièces,https://www.vizzit.fr/fr/property/appartement/lyon-7/Awjxlr2dcsk5o8in,45.7347,4.84451
Lyon 4ème (69004),635 €,23 m² - 1 pièce,https://www.vizzit.fr/fr/property/appartement/lyon-4/Aqbcxqkjre8if68l,45.78026,4.82853
Lyon 8ème (69008),832 €,40 m² - 2 pièces,https://www.vizzit.fr/fr/property/appartement/lyon-8/A3t7d62l46e53uth,45.74674,4.86258
Lyon 6ème (69006),795 €,41 m² - 2 pièces,https://www.vizzit.fr/fr/property/appartement/lyon-6/Asxyn3bqyr73l9wh,45.77407,4.85085
Lyon 3ème (69003),1 120 €,77 m² - 4 pièces,https://www.vizzit.fr/fr/property/appartement/lyon-3/A1ihzunsnvaxdvpj,45.75494,4.87519
Lyon 1er (69001),995 €,51 m² - 1 pièce,https://www.vizzit.fr/fr/property/appartement/lyon-1/Akzd9mqb33753yj6,45.76659,4.83425
Lyon 7ème (69007),650 €,36 m² - Studio,https://www.vizzit.fr/fr/property/appartement/lyon-7/Asejir4qc9q3ow5x,45.74771,4.84919
Lyon 5ème (69005),800 €,21 m² - 2 pièces,https://www.vizzit.fr/fr/property/appartement/lyon-5/Ahgj87wex3rdm3vt,45.75619,4.8039
Lyon 8ème (69008),600 €,18 m² - Studio,https://www.vizzit.fr/fr/property/appartement/lyon-8/Afclkzsafydcqee9,45.74047,4.86279
Lyon 1er (69001),947 €,40 m² - 2 pièces,https://www.vizzit.fr/fr/property/appartement/lyon-1/A0mkzfdasie9zeqs,45.76791,4.83625
Lyon 1er (69001),1 394 €,69 m² - 2 pièces,https://www.vizzit.fr/fr/property/appartement/lyon-1/Aaz1wm4shxz12q90,45.76659,4.83425
Lyon 2ème (69002),1 398 €,124 m² - 4 pièces,https://www.vizzit.fr/fr/property/appartement/lyon-2/Awzx9ypjurhvftjw,45.74889,4.82554
Lyon 3ème (69003),600 €,17 m² - Studio,https://www.vizzit.fr/fr/property/appartement/lyon-3/Avvxcbji6ioxaug9,45.7592,4.85232
Lyon 6ème (69006),1 121 €,77 m² - 3 pièces,https://www.vizzit.fr/fr/property/appartement/lyon-6/Ab0pragfc3rd97cj,45.77407,4.85085
Lyon 7ème (69007),860 €,30 m² - 2 pièces,https://www.vizzit.fr/fr/property/appartement/lyon-7/Ac0jtyyixary2szv,45.74496,4.8475
Lyon 5ème (69005),600 €,25 m² - Studio,https://www.vizzit.fr/fr/property/appartement/lyon-5/Aqk45y0upr7zc59o,45.75924,4.8124
Lyon 7ème (69007),728 €,34 m² - 1 pièce,https://www.vizzit.fr/fr/property/appartement/lyon-7/A2uxd14a1nsa8qno,45.75004,4.84169
Lyon 8ème (69008),1 205 €,48 m² - 2 pièces,https://www.vizzit.fr/fr/property/appartement/lyon-8/A0hfb82tp3xgpqmi,45.73758,4.87986
Lyon 1er (69001),1 430 €,71 m² - 2 pièces,https://www.vizzit.fr/fr/property/appartement/lyon-1/Aktcs40p8yo8c497,45.77339,4.83552
Lyon 7ème (69007),535 €,26 m² - 1 pièce,https://www.vizzit.fr/fr/property/appartement/lyon-7/A4unovbbafe2oxod,45.74591,4.85369
Lyon 4ème (69004),803 €,59 m² - 2 pièces,https://www.vizzit.fr/fr/property/appartement/lyon-4/Abxsqpsk7od2xhbq,45.77988,4.83473
Lyon 1er (69001),1 380 €,98 m² - 3 pièces,https://www.vizzit.fr/fr/property/appartement/lyon-1/A88zcmj1j1m1caei,45.76659,4.83425
Lyon 5ème (69005),720 €,36 m² - 1 pièce,https://www.vizzit.fr/fr/property/appartement/lyon-5/Ag0jhprc792w4en2,45.75621,4.81192
Lyon 1er (69001),1 150 €,60 m² - 2 pièces,https://www.vizzit.fr/fr/property/appartement/lyon-1/A3uw4244m4kavm13,45.76891,4.83212
Lyon 9ème (69009),950 €,42 m² - 2 pièces,https://www.vizzit.fr/fr/property/appartement/lyon-9/A467xavnftihh315,45.77063,4.80069
Lyon 2ème (69002),530 €,27 m² - 2 pièces,https://www.vizzit.fr/fr/property/appartement/lyon-2/Aeimt4lyg2g7tuoy,45.75564,4.83516
Lyon 1er (69001),2 950 €,205 m² - 6 pièces,https://www.vizzit.fr/fr/property/appartement/lyon-1/Afl41892hv8t0xp3,45.76947,4.82676
Lyon 2ème (69002),745 €,47 m² - 2 pièces,https://www.vizzit.fr/fr/property/appartement/lyon-2/Af0n9xhpir25gssd,45.75351,4.82777
Lyon 3ème (69003),629 €,26 m² - 2 pièces,https://www.vizzit.fr/fr/property/appartement/lyon-3/Aalr3p83vw7u1eth,45.75816,4.87431
Lyon 4ème (69004),788 €,33 m² - 1 pièce,https://www.vizzit.fr/fr/property/appartement/lyon-4/Af093cswhliwlba5,45.77452,4.82696
Lyon 7ème (69007),620 €,36 m² - 2 pièces,https://www.vizzit.fr/fr/property/appartement/lyon-7/Ate7ta7o84h1mkng,45.74871,4.83507
Lyon 2ème (69002),1 350 €,62 m² - 4 pièces,https://www.vizzit.fr/fr/property/appartement/lyon-2/Awz14mxp0v59c2o1,45.75144,4.82567
Lyon 9ème (69009),950 €,50 m² - 2 pièces,https://www.vizzit.fr/fr/property/appartement/lyon-9/Ahaaj1716l6718s7,45.7588,4.81129
Lyon 4ème (69004),650 €,20 m² - Studio,https://www.vizzit.fr/fr/property/appartement/lyon-4/A53k3vlz2ui1q6qr,45.78079,4.83873
Lyon 3ème (69003),649 €,37 m² - 2 pièces,https://www.vizzit.fr/fr/property/appartement/lyon-3/Akkr88s5xekd14o0,45.74446,4.88792
Lyon 6ème (69006),700 €,30 m² - 3 pièces,https://www.vizzit.fr/fr/property/appartement/lyon-6/Afuhaa932jiszglz,45.76405,4.86778
Lyon 6ème (69006),920 €,35 m² - 1 pièce,https://www.vizzit.fr/fr/property/appartement/lyon-6/Abujzi6fu3911tnj,45.76595,4.85218
Lyon 7ème (69007),920 €,42 m² - 2 pièces,https://www.vizzit.fr/fr/property/appartement/lyon-7/At0dqgapspbz2gjm,45.74476,4.8444
Lyon 3ème (69003),660 €,20 m² - Studio,https://www.vizzit.fr/fr/property/appartement/lyon-3/Appx7jc8qej13one,45.7566,4.8679
Lyon 8ème (69008),1 300 €,69 m² - 4 pièces,https://www.vizzit.fr/fr/property/appartement/lyon-8/A5tp7m0xd2b6turt,45.73336,4.87391
Lyon 7ème (69007),990 €,28 m² - 2 pièces,https://www.vizzit.fr/fr/property/appartement/lyon-7/A0k5vpi9sgg30r0n,45.74751,4.84201
Lyon 7ème (69007),1 300 €,48 m² - 2 pièces,https://www.vizzit.fr/fr/property/appartement/lyon-7/Atz2heno9l0x5wfm,45.75354,4.8395
Lyon 8ème (69008),850 €,32 m² - 1 pièce,https://www.vizzit.fr/fr/property/appartement/lyon-8/Aqz1ld2becpho399,45.73359,4.8665
Lyon 8ème (69008),1 230 €,81 m² - 4 pièces,https://www.vizzit.fr/fr/property/appartement/lyon-8/Aofxg36oxhrs4tmh,45.74365,4.87205
Lyon 3ème (69003),1 206 €,57 m² - 2 pièces,https://www.vizzit.fr/fr/property/appartement/lyon-3/A13knecgt7olkg62,45.76242,4.84299
Lyon 7ème (69007),568 €,16 m² - Studio,https://www.vizzit.fr/fr/property/appartement/lyon-7/At3kymipm4ip99y1,45.74777,4.84317
Lyon 9ème (69009),450 €,17 m² - Studio,https://www.vizzit.fr/fr/property/appartement/lyon-9/Aby5uyn2r0tyi6jy,45.76953,4.80168
Lyon 7ème (69007),1 200 €,50 m² - 2 pièces,https://www.vizzit.fr/fr/property/appartement/lyon-7/As219pv3q404x2am,45.74578,4.84194
Lyon 3ème (69003),1 350 €,67 m² - 3 pièces,https://www.vizzit.fr/fr/property/appartement/lyon-3/Avozoshwevhbosuv,45.76015,4.86192
Lyon 7ème (69007),1 050 €,60 m² - 3 pièces,https://www.vizzit.fr/fr/property/appartement/lyon-7/Aw62lrlevzf537jo,45.7438,4.84813
Lyon 3ème (69003),800 €,54 m² - 3 pièces,https://www.vizzit.fr/fr/property/appartement/lyon-3/Ans7rkk2kghzu09p,45.75405,4.85727
Lyon 8ème (69008),630 €,60 m² - 4 pièces,https://www.vizzit.fr/fr/property/appartement/lyon-8/Adli6qazpg3mg6ic,45.74187,4.86849
Lyon 8ème (69008),590 €,17 m² - Studio,https://www.vizzit.fr/fr/property/appartement/lyon-8/Aqz6gs2dwl6j6u61,45.73388,4.86899
Lyon 3ème (69003),1 390 €,75 m² - 3 pièces,https://www.vizzit.fr/fr/property/appartement/lyon-3/Axncbquj9h3r7alc,45.7477,4.87776
Lyon 3ème (69003),800 €,38 m² - 2 pièces,https://www.vizzit.fr/fr/property/appartement/lyon-3/Ayobmiv4caau69st,45.74776,4.8812
Lyon 3ème (69003),901 €,51 m² - 2 pièces,https://www.vizzit.fr/fr/property/appartement/lyon-3/Ahxd2o44kgkc7jkk,45.75288,4.85583
Lyon 7ème (69007),710 €,31 m² - Studio,https://www.vizzit.fr/fr/property/appartement/lyon-7/Am7miq8sup14jm8m,45.72985,4.83165
Lyon 5ème (69005),1 355 €,85 m² - 4 pièces,https://www.vizzit.fr/fr/property/appartement/lyon-5/Ac54v42h7bwkefdu,45.75393,4.78081
Lyon 8ème (69008),700 €,32 m² - Studio,https://www.vizzit.fr/fr/property/appartement/lyon-8/Aewvsk0sx7ga1r34,45.7437,4.86174
Lyon 7ème (69007),845 €,45 m² - 2 pièces,https://www.vizzit.fr/fr/property/appartement/lyon-7/Ahi5kzibv66vioiz,45.74317,4.84794
Lyon 7ème (69007),612 €,38 m² - 2 pièces,https://www.vizzit.fr/fr/property/appartement/lyon-7/Acmdnidq8482y0l9,45.74588,4.8445
Lyon 7ème (69007),728 €,34 m² - 1 pièce,https://www.vizzit.fr/fr/property/appartement/lyon-7/Arwmauj78vca1wxc,45.7542233,4.8398851
Lyon 3ème (69003),653 €,48 m² - 2 pièces,https://www.vizzit.fr/fr/property/appartement/lyon-3/Are6c8u777v93e9j,45.75074,4.87474
Lyon 3ème (69003),1 227 €,62 m² - 3 pièces,https://www.vizzit.fr/fr/property/appartement/lyon-3/Akf0ntu8gi0lesto,45.75408,4.87179
Lyon 7ème (69007),912 €,41 m² - Studio,https://www.vizzit.fr/fr/property/appartement/lyon-7/Ajf3l74w4gl5wz60,45.72517,4.83742
Lyon 3ème (69003),914 €,60 m² - 3 pièces,https://www.vizzit.fr/fr/property/appartement/lyon-3/Ao6rhg8ipkjttwpy,45.75183,4.86895
Lyon 3ème (69003),659 €,20 m² - Studio,https://www.vizzit.fr/fr/property/appartement/lyon-3/A5v0olqmk6er1vqt,45.7547,4.87644
Lyon 7ème (69007),1 500 €,93 m² - 3 pièces,https://www.vizzit.fr/fr/property/appartement/lyon-7/Atuo42q9m1bc68qw,45.75382,4.84576
Lyon 5ème (69005),990 €,56 m² - 2 pièces,https://www.vizzit.fr/fr/property/appartement/lyon-5/Ayx9dgjqse77kej7,45.75484,4.78875
Lyon 6ème (69006),2 350 €,100 m² - 4 pièces,https://www.vizzit.fr/fr/property/appartement/lyon-6/Anay0eyc968if05i,45.76494,4.86577
Lyon 7ème (69007),1 045 €,66 m² - 3 pièces,https://www.vizzit.fr/fr/property/appartement/lyon-7/Apy3tx1vtaghqf8r,45.74759,4.85702
Lyon 8ème (69008),950 €,64 m² - 3 pièces,https://www.vizzit.fr/fr/property/appartement/lyon-8/Awurr3dwlr4ziwoh,45.73377,4.85195
Lyon 5ème (69005),738 €,51 m² - 2 pièces,https://www.vizzit.fr/fr/property/appartement/lyon-5/As63zd7r0ni6si4y,45.76553,4.82733
Lyon 3ème (69003),830 €,43 m² - 2 pièces,https://www.vizzit.fr/fr/property/appartement/lyon-3/Ay4uygm5wocglohh,45.75139,4.89031
Lyon 2ème (69002),731 €,37 m² - 2 pièces,https://www.vizzit.fr/fr/property/appartement/lyon-2/A59q73og58w859ev,45.74401,4.8169
Lyon 6ème (69006),870 €,34 m² - 1 pièce,https://www.vizzit.fr/fr/property/appartement/lyon-6/Admfixxv1ev5pb1i,45.77133,4.8485
Lyon 3ème (69003),570 €,38 m² - 2 pièces,https://www.vizzit.fr/fr/property/appartement/lyon-3/Ac8941yy9n634lx0,45.7564,4.84442
Lyon 3ème (69003),692 €,39 m² - 2 pièces,https://www.vizzit.fr/fr/property/appartement/lyon-3/Asugkg198w8zmgi2,45.74591,4.88108
Lyon 9ème (69009),495 €,19 m² - Studio,https://www.vizzit.fr/fr/property/appartement/lyon-9/A9e7yrgzovxsyyg4,45.7825,4.809
Lyon 4ème (69004),786 €,30 m² - 1 pièce,https://www.vizzit.fr/fr/property/appartement/lyon-4/Augzmrni5e17e87t,45.77927,4.83013
Lyon 5ème (69005),1 025 €,50 m² - 3 pièces,https://www.vizzit.fr/fr/property/appartement/lyon-5/Aly13kdgwalvi7l1,45.76458,4.8274
Lyon 2ème (69002),1 350 €,97 m² - 3 pièces,https://www.vizzit.fr/fr/property/appartement/lyon-2/Aaxhw203hwadfji5,45.75293,4.82601
Lyon 8ème (69008),481 €,20 m² - Studio,https://www.vizzit.fr/fr/property/appartement/lyon-8/Aiixwrqufapqjory,45.74149,4.86141
Lyon 9ème (69009),1 150 €,66 m² - 3 pièces,https://www.vizzit.fr/fr/property/appartement/lyon-9/A6aaqpeovxqpjrig,45.77219,4.80344
Lyon 6ème (69006),990 €,60 m² - 2 pièces,https://www.vizzit.fr/fr/property/appartement/lyon-6/Aypm4qzvu706pn6w,45.7641,4.85523
Lyon 6ème (69006),650 €,40 m² - 1 pièce,https://www.vizzit.fr/fr/property/appartement/lyon-6/Afx877ztqmotpzg8,45.77217,4.85119
Lyon 2ème (69002),685 €,29 m² - 2 pièces,https://www.vizzit.fr/fr/property/appartement/lyon-2/A79py5fqjw537c8e,45.74795,4.82808
Lyon 4ème (69004),800 €,48 m² - 2 pièces,https://www.vizzit.fr/fr/property/appartement/lyon-4/Awrnrlth6nl1cim7,45.77584,4.81144
Lyon 6ème (69006),715 €,30 m² - 1 pièce,https://www.vizzit.fr/fr/property/appartement/lyon-6/Ajlmbgk6ecged6o7,45.76601,4.84381
Lyon 3ème (69003),1 100 €,54 m² - 2 pièces,https://www.vizzit.fr/fr/property/appartement/lyon-3/Apb136lse76zxxg8,45.7581,4.84177
Lyon 4ème (69004),850 €,42 m² - Studio,https://www.vizzit.fr/fr/property/appartement/lyon-4/Atu930cqtj3cq3jt,45.77494,4.82923
Lyon 4ème (69004),1 308 €,73 m² - 3 pièces,https://www.vizzit.fr/fr/property/appartement/lyon-4/A0wocjqv9n6z75b9,45.78043,4.82732
Lyon 7ème (69007),626 €,25 m² - Studio,https://www.vizzit.fr/fr/property/appartement/lyon-7/Axgnnnkpiafapzro,45.74872,4.84808
Lyon 1er (69001),777 €,34 m² - 1 pièce,https://www.vizzit.fr/fr/property/appartement/lyon-1/Aacem29i210vjl9a,45.76992,4.82971
Lyon 5ème (69005),805 €,50 m² - 2 pièces,https://www.vizzit.fr/fr/property/appartement/lyon-5/A924c4qm7op8qy6i,45.75363,4.80542
Lyon 8ème (69008),896 €,37 m² - Studio,https://www.vizzit.fr/fr/property/appartement/lyon-8/A4ne0dyke1i9h0md,45.74284,4.86154
Lyon 2ème (69002),883 €,50 m² - 2 pièces,https://www.vizzit.fr/fr/property/appartement/lyon-2/Apu8lcrw3hq216zq,45.75089,4.83036
Lyon 2ème (69002),560 €,31 m² - 1 pièce,https://www.vizzit.fr/fr/property/appartement/lyon-2/A5s68mx5wkcaiuaw,45.74883,4.82557
Lyon 3ème (69003),1 050 €,47 m² - 2 pièces,https://www.vizzit.fr/fr/property/appartement/lyon-3/Agie364rn9x2l6jl,45.75925,4.84394
Lyon 8ème (69008),820 €,46 m² - 2 pièces,https://www.vizzit.fr/fr/property/appartement/lyon-8/Aiax3lsc1q7o7odl,45.74353,4.86251
Lyon 8ème (69008),950 €,42 m² - 2 pièces,https://www.vizzit.fr/fr/property/appartement/lyon-8/Az3cq9jlmjih8n22,45.7287,4.88464
Lyon 2ème (69002),1 660 €,94 m² - 3 pièces,https://www.vizzit.fr/fr/property/appartement/lyon-2/A5lxn3lr0acwmsjz,45.75189,4.82758
Lyon 2ème (69002),1 473 €,118 m² - 4 pièces,https://www.vizzit.fr/fr/property/appartement/lyon-2/Ao6jd6sf04ylxn9d,45.75727,4.83482
Lyon 9ème (69009),1 000 €,64 m² - 3 pièces,https://www.vizzit.fr/fr/property/appartement/lyon-9/A7et6l6vjsk1o6gz,45.77454,4.80592
Lyon 6ème (69006),1 020 €,54 m² - 2 pièces,https://www.vizzit.fr/fr/property/appartement/lyon-6/Ayahh3ykq1gtdpug,45.7652,4.86536
Lyon 5ème (69005),662 €,39 m² - 2 pièces,https://www.vizzit.fr/fr/property/appartement/lyon-5/Ax37smu6tf61pvq2,45.75641,4.81323
Lyon 6ème (69006),2 478 €,111 m² - 3 pièces,https://www.vizzit.fr/fr/property/appartement/lyon-6/A9vhhu13niqq3q3x,45.77155,4.84973
Lyon 8ème (69008),905 €,50 m² - 2 pièces,https://www.vizzit.fr/fr/property/appartement/lyon-8/Ak4dmxxdh65gkzdy,45.73965,4.87385
Lyon 8ème (69008),1 350 €,65 m² - 3 pièces,https://www.vizzit.fr/fr/property/appartement/lyon-8/Aegu9x890j7xh6bj,45.7424,4.8755
Lyon 3ème (69003),980 €,35 m² - 3 pièces,https://www.vizzit.fr/fr/property/appartement/lyon-3/Az4uaziv6rhoq2z3,45.75076,4.87597
Lyon 8ème (69008),890 €,40 m² - 2 pièces,https://www.vizzit.fr/fr/property/appartement/lyon-8/Al16u5jjt5g37hhd,45.74355,4.86789
Lyon 1er (69001),795 €,26 m² - Studio,https://www.vizzit.fr/fr/property/appartement/lyon-1/Abg5l3j3gk1uss1o,45.76721,4.83167
Lyon 8ème (69008),690 €,25 m² - Studio,https://www.vizzit.fr/fr/property/appartement/lyon-8/A5e9g1qcfw0r81o0,45.73907,4.88158
Lyon 9ème (69009),585 €,23 m² - Studio,https://www.vizzit.fr/fr/property/appartement/lyon-9/A411gmrrxg53fz13,45.77505,4.80212
Lyon 4ème (69004),746 €,38 m² - 2 pièces,https://www.vizzit.fr/fr/property/appartement/lyon-4/Aae6dbnvuef6d48b,45.77354,4.83966
Lyon 6ème (69006),900 €,34 m² - 2 pièces,https://www.vizzit.fr/fr/property/appartement/lyon-6/Au3wkcai3lxw8f4a,45.76801,4.85441
Lyon 9ème (69009),777 €,40 m² - 1 pièce,https://www.vizzit.fr/fr/property/appartement/lyon-9/Acl9jvop006n0obj,45.77351,4.80529
Lyon 7ème (69007),655 €,17 m² - Studio,https://www.vizzit.fr/fr/property/appartement/lyon-7/Ahgwpc300ppnq2vl,45.74669,4.84305
Lyon 7ème (69007),860 €,41 m² - 2 pièces,https://www.vizzit.fr/fr/property/appartement/lyon-7/Ava1qira8y3y3pqr,45.74592,4.85799
Lyon 4ème (69004),800 €,45 m² - 4 pièces,https://www.vizzit.fr/fr/property/appartement/lyon-4/A0cylnq6g2gubx8y,45.78135,4.81268
Lyon 9ème (69009),1 307 €,76 m² - 3 pièces,https://www.vizzit.fr/fr/property/appartement/lyon-9/Ayb85p4x5357siy0,45.78338,4.81199
Lyon 1er (69001),800 €,30 m² - 2 pièces,https://www.vizzit.fr/fr/property/appartement/lyon-1/A97v01s9mlb7msy1,45.76816,4.83416
Lyon 6ème (69006),1 100 €,46 m² - 2 pièces,https://www.vizzit.fr/fr/property/appartement/lyon-6/Ad8d7yfluv3dmqik,45.7642,4.8428
Lyon 4ème (69004),740 €,35 m² - Studio,https://www.vizzit.fr/fr/property/appartement/lyon-4/A125b4icohs3p0v9,45.77289,4.81904
Lyon 8ème (69008),930 €,42 m² - 2 pièces,https://www.vizzit.fr/fr/property/appartement/lyon-8/Ac3zap28ezkww1b9,45.73585,4.87336
Lyon 2ème (69002),995 €,45 m² - 2 pièces,https://www.vizzit.fr/fr/property/appartement/lyon-2/Ajep9oeofeu8juh3,45.74454,4.82216
Lyon 8ème (69008),500 €,18 m² - Studio,https://www.vizzit.fr/fr/property/appartement/lyon-8/Aji2v2x7jwd53mdt,45.7407,4.8699
Lyon 8ème (69008),423 €,21 m² - Studio,https://www.vizzit.fr/fr/property/appartement/lyon-8/Awru12cf5qfh7u4z,45.73404,4.85814
Lyon 2ème (69002),1 400 €,25 m² - Studio,https://www.vizzit.fr/fr/property/appartement/lyon-2/Ajd4mbwtprrdxoq6,45.74768,4.82494
Lyon 8ème (69008),"1 040 €
-4%",42 m² - 1 pièce,https://www.vizzit.fr/fr/property/appartement/lyon-8/A951s3ww28bpo19i,45.72316,4.88236
Lyon 7ème (69007),803 €,24 m² - 2 pièces,https://www.vizzit.fr/fr/property/appartement/lyon-7/Ag01jycnp3x6gw4b,45.74312,4.84788
Lyon 7ème (69007),725 €,21 m² - Studio,https://www.vizzit.fr/fr/property/appartement/lyon-7/A2t76los6tq3k4qr,45.74939,4.85828
Lyon 8ème (69008),250 €,15 m² - Studio,https://www.vizzit.fr/fr/property/appartement/lyon-8/Awz1m2t5r7ximm8s,45.74485,4.8719
Lyon 7ème (69007),800 €,48 m² - 2 pièces,https://www.vizzit.fr/fr/property/appartement/lyon-7/At3vd9oypb4zectq,45.74884,4.83906
Lyon 1er (69001),700 €,25 m² - Studio,https://www.vizzit.fr/fr/property/appartement/lyon-1/Age74c4o6ydxrqso,45.76544,4.83264
Lyon 6ème (69006),620 €,24 m² - Studio,https://www.vizzit.fr/fr/property/appartement/lyon-6/A0j2e0pzorckeoqs,45.76887,4.85479
Lyon 9ème (69009),600 €,24 m² - Studio,https://www.vizzit.fr/fr/property/appartement/lyon-9/Asixran8pj2t0nkx,45.77852,4.80533
Lyon 2ème (69002),715 €,32 m² - 1 pièce,https://www.vizzit.fr/fr/property/appartement/lyon-2/Aescekqovuau48ue,45.75089,4.83036
Lyon 9ème (69009),500 €,18 m² - Studio,https://www.vizzit.fr/fr/property/appartement/lyon-9/A5ojmulq4t0eoxzc,45.77448,4.80713
Lyon 9ème (69009),590 €,12 m² - Studio,https://www.vizzit.fr/fr/property/appartement/lyon-9/Aq3rrwzbyh4bi7qp,45.77209,4.80553
Lyon 7ème (69007),1 500 €,87 m² - 4 pièces,https://www.vizzit.fr/fr/property/appartement/lyon-7/Atxyxncnamvo3zxw,45.73602,4.83954
Lyon 9ème (69009),535 €,26 m² - Studio,https://www.vizzit.fr/fr/property/appartement/lyon-9/A0q0xc4ox2sx5nxp,45.77795,4.80735
Lyon 8ème (69008),730 €,40 m² - 2 pièces,https://www.vizzit.fr/fr/property/appartement/lyon-8/A1qkohd0wb2ke1jd,45.7448,4.86615
Lyon 4ème (69004),500 €,19 m² - Studio,https://www.vizzit.fr/fr/property/appartement/lyon-4/Ai3dp20o9x0z758b,45.77966,4.84019
Lyon 7ème (69007),759 €,36 m² - Studio,https://www.vizzit.fr/fr/property/appartement/lyon-7/Ahy5j4ahr7x8ravo,45.74097,4.85142
Lyon 8ème (69008),685 €,38 m² - 2 pièces,https://www.vizzit.fr/fr/property/appartement/lyon-8/Aft2gcvb1ijn4w8c,45.73702,4.8767
Lyon 8ème (69008),1 000 €,68 m² - 3 pièces,https://www.vizzit.fr/fr/property/appartement/lyon-8/Ad83nsehzpaxzce2,45.73323,4.8743
Lyon 2ème (69002),830 €,47 m² - 2 pièces,https://www.vizzit.fr/fr/property/appartement/lyon-2/Ar4tqglsul64s19v,45.74243,4.82085
Lyon 7ème (69007),485 €,18 m² - Studio,https://www.vizzit.fr/fr/property/appartement/lyon-7/A7q8ox6sr05k8m0h,45.75082,4.85558
Lyon 6ème (69006),2 350 €,100 m² - 4 pièces,https://www.vizzit.fr/fr/property/appartement/lyon-6/Auo5qzmafjd0i84l,45.76494,4.86577
Lyon 7ème (69007),1 500 €,93 m² - 3 pièces,https://www.vizzit.fr/fr/property/appartement/lyon-7/A5tmdj5dfpkov8p7,45.75382,4.84576
Lyon 6ème (69006),1 420 €,90 m² - 3 pièces,https://www.vizzit.fr/fr/property/appartement/lyon-6/Ayo0elxz9bj4l4q2,45.774148,4.844092
Lyon 9ème (69009),940 €,20 m² - 2 pièces,https://www.vizzit.fr/fr/property/appartement/lyon-9/A3x35ht2coslvkjy,45.7781,4.80312
Lyon 2ème (69002),690 €,14 m² - Studio,https://www.vizzit.fr/fr/property/appartement/lyon-2/Aiz9qkmv7jn7yddt,45.75798,4.82916
Lyon 6ème (69006),1 750 €,62 m² - 3 pièces,https://www.vizzit.fr/fr/property/appartement/lyon-6/Ape7920clxr229x0,45.76716,4.85593
Lyon 3ème (69003),900 €,40 m² - 3 pièces,https://www.vizzit.fr/fr/property/appartement/lyon-3/Ac68fimq4qthq0j3,45.74923,4.8768
Lyon 6ème (69006),800 €,25 m² - 2 pièces,https://www.vizzit.fr/fr/property/appartement/lyon-6/Aflv6d8bqc1s4k0j,45.76509,4.85452
Lyon 8ème (69008),698 €,29 m² - 2 pièces,https://www.vizzit.fr/fr/property/appartement/lyon-8/Adx0l4jbklyoeyll,45.73674,4.85452
Lyon 9ème (69009),700 €,29 m² - 1 pièce,https://www.vizzit.fr/fr/property/appartement/lyon-9/A9s3gipa5mb79obi,45.8016,4.83307
Lyon 3ème (69003),854 €,54 m² - 2 pièces,https://www.vizzit.fr/fr/property/appartement/lyon-3/A5ppd02d0d8l9yet,45.7547,4.87644
Lyon 9ème (69009),590 €,16 m² - Studio,https://www.vizzit.fr/fr/property/appartement/lyon-9/Asw27ak35tb0xhoe,45.76994,4.79843
Lyon 7ème (69007),495 €,24 m² - Studio,https://www.vizzit.fr/fr/property/appartement/lyon-7/A44ql35036quex2l,45.7474,4.84092
Lyon 7ème (69007),900 €,27 m² - 2 pièces,https://www.vizzit.fr/fr/property/appartement/lyon-7/A4pmzwrpbsltvr72,45.73552,4.83787
Lyon 3ème (69003),920 €,47 m² - 2 pièces,https://www.vizzit.fr/fr/property/appartement/lyon-3/Ab73izkiooc27q70,45.75265,4.8661
Lyon 9ème (69009),810 €,51 m² - 2 pièces,https://www.vizzit.fr/fr/property/appartement/lyon-9/A29mrzsp01qzk7so,45.77322,4.80021
Lyon 3ème (69003),1 810 €,91 m² - 4 pièces,https://www.vizzit.fr/fr/property/appartement/lyon-3/A09f1p5xe7i5g59u,45.75371,4.86678
Lyon 8ème (69008),1 045 €,74 m² - 3 pièces,https://www.vizzit.fr/fr/property/appartement/lyon-8/Ah0l4g80521ff0ex,45.73298,4.87491
Lyon 3ème (69003),630 €,22 m² - Studio,https://www.vizzit.fr/fr/property/appartement/lyon-3/Ajycbabzsbtlybjc,45.74653,4.87504
Lyon 6ème (69006),845 €,24 m² - 1 pièce,https://www.vizzit.fr/fr/property/appartement/lyon-6/Axnk1gzpfp08sb8h,45.76848,4.8437
Lyon 8ème (69008),640 €,29 m² - 2 pièces,https://www.vizzit.fr/fr/property/appartement/lyon-8/A4r24lg04dn6bymp,45.73674,4.85452
Lyon 8ème (69008),990 €,44 m² - 2 pièces,https://www.vizzit.fr/fr/property/appartement/lyon-8/Auserov9nenz4xip,45.73466,4.87112
Lyon 1er (69001),1 002 €,71 m² - 2 pièces,https://www.vizzit.fr/fr/property/appartement/lyon-1/Auyajy6k16lqpbsv,45.76659,4.83425
Lyon 7ème (69007),1 050 €,61 m² - 3 pièces,https://www.vizzit.fr/fr/property/appartement/lyon-7/A4ybeun9itexufiu,45.74952,4.85113
Lyon 6ème (69006),1 018 €,46 m² - 2 pièces,https://www.vizzit.fr/fr/property/appartement/lyon-6/Arnkhib1u6hjthps,45.77407,4.85085
Lyon 2ème (69002),504 €,26 m² - 2 pièces,https://www.vizzit.fr/fr/property/appartement/lyon-2/A58disqyxu5o7ujo,45.75089,4.83036
Lyon 2ème (69002),1 257 €,87 m² - 3 pièces,https://www.vizzit.fr/fr/property/appartement/lyon-2/Apz3c509d6h9b5vb,45.76259,4.83269
Lyon 3ème (69003),760 €,15 m² - Studio,https://www.vizzit.fr/fr/property/appartement/lyon-3/Anzil52v57mkryxg,45.75696,4.85412
Lyon 7ème (69007),950 €,68 m² - 3 pièces,https://www.vizzit.fr/fr/property/appartement/lyon-7/Aesu9rrk9tjomqls,45.74726,4.83903
Lyon 2ème (69002),650 €,20 m² - Studio,https://www.vizzit.fr/fr/property/appartement/lyon-2/Awf17k6bbmynitcl,45.74805,4.82568
Lyon 3ème (69003),506 €,18 m² - Studio,https://www.vizzit.fr/fr/property/appartement/lyon-3/Aet5h2w1ilvdg9os,45.75783,4.84949
Lyon 8ème (69008),1 016 €,44 m² - 2 pièces,https://www.vizzit.fr/fr/property/appartement/lyon-8/Acqzdtxscym1bwwy,45.7352,4.8803
Lyon 2ème (69002),1 738 €,68 m² - 3 pièces,https://www.vizzit.fr/fr/property/appartement/lyon-2/Azxdzpp4z82dbopg,45.75253,4.82874
Lyon 6ème (69006),1 750 €,60 m² - 2 pièces,https://www.vizzit.fr/fr/property/appartement/lyon-6/Aqgeo515f4egfw73,45.76717,4.85476
Lyon 1er (69001),1 121 €,76 m² - 2 pièces,https://www.vizzit.fr/fr/property/appartement/lyon-1/Ab8c9lzcm9rt345y,45.7685,4.83464
Lyon 5ème (69005),1 590 €,97 m² - 3 pièces,https://www.vizzit.fr/fr/property/appartement/lyon-5/A707c4vx0p8lhnko,45.76396,4.82889
Lyon 1er (69001),1 420 €,86 m² - 3 pièces,https://www.vizzit.fr/fr/property/appartement/lyon-1/Ay4o8o51wyd9la40,45.77394,4.83293
Lyon 6ème (69006),870 €,52 m² - 2 pièces,https://www.vizzit.fr/fr/property/appartement/lyon-6/Alppfr7qwfchwg3r,45.76579,4.86797
Lyon 8ème (69008),950 €,65 m² - 3 pièces,https://www.vizzit.fr/fr/property/appartement/lyon-8/Ar1mgial88dpog5c,45.73828,4.88611
Lyon 8ème (69008),610 €,21 m² - Studio,https://www.vizzit.fr/fr/property/appartement/lyon-8/Af97xh31p5lkactr,45.73852,4.86242
Lyon 7ème (69007),980 €,56 m² - 3 pièces,https://www.vizzit.fr/fr/property/appartement/lyon-7/Alyta2hrgeap243f,45.74684,4.84691
Lyon 7ème (69007),683 €,20 m² - Studio,https://www.vizzit.fr/fr/property/appartement/lyon-7/A05y9spg7atpi3p4,45.73159,4.8303
Lyon 1er (69001),885 €,46 m² - 2 pièces,https://www.vizzit.fr/fr/property/appartement/lyon-1/Av7pce0tmkzt25uo,45.77034,4.83253
Lyon 7ème (69007),593 €,34 m² - Studio,https://www.vizzit.fr/fr/property/appartement/lyon-7/Asytijmmty97pcdj,45.73285,4.8306
Lyon 3ème (69003),912 €,47 m² - 2 pièces,https://www.vizzit.fr/fr/property/appartement/lyon-3/Azu02qu1c1lrs1hl,45.75511,4.85637
Lyon 7ème (69007),562 €,15 m² - Studio,https://www.vizzit.fr/fr/property/appartement/lyon-7/A3hkkbpbiecvhb0t,45.75103,4.8423
Lyon 7ème (69007),680 €,32 m² - Studio,https://www.vizzit.fr/fr/property/appartement/lyon-7/A5isdnpgpuvpmhv1,45.7527,4.8427
Lyon 3ème (69003),695 €,25 m² - Studio,https://www.vizzit.fr/fr/property/appartement/lyon-3/Aqe3wjf9k2h2lxjb,45.75576,4.85846
Lyon 3ème (69003),665 €,16 m² - Studio,https://www.vizzit.fr/fr/property/appartement/lyon-3/Ajy8zk3vxh2anqt8,45.75751,4.8746
Lyon 9ème (69009),430 €,12 m² - Studio,https://www.vizzit.fr/fr/property/appartement/lyon-9/Aa3l7biolj6gu35t,45.76811,4.79058
Lyon 5ème (69005),1 340 €,85 m² - 3 pièces,https://www.vizzit.fr/fr/property/appartement/lyon-5/Avfk2wvhvbd35aep,45.75251,4.79513
Lyon 3ème (69003),650 €,25 m² - 1 pièce,https://www.vizzit.fr/fr/property/appartement/lyon-3/Ah29b2fljtf0n6hv,45.75335,4.85297
Lyon 7ème (69007),1 400 €,79 m² - 3 pièces,https://www.vizzit.fr/fr/property/appartement/lyon-7/Amblww51krds4zb9,45.75334,4.84811
Lyon 6ème (69006),1 890 €,78 m² - 3 pièces,https://www.vizzit.fr/fr/property/appartement/lyon-6/A9f3f2rwjbeoqfry,45.77407,4.85085
Lyon 3ème (69003),1 400 €,75 m² - 3 pièces,https://www.vizzit.fr/fr/property/appartement/lyon-3/A7kqk3u96pxao8d0,45.75936,4.87036
Lyon 3ème (69003),1 180 €,62 m² - 2 pièces,https://www.vizzit.fr/fr/property/appartement/lyon-3/A7y76z6qky3cu84n,45.75626,4.86346
Lyon 2ème (69002),870 €,33 m² - 2 pièces,https://www.vizzit.fr/fr/property/appartement/lyon-2/Abozg5krb6jdoqj8,45.76518,4.83514
Lyon 6ème (69006),1 080 €,42 m² - 2 pièces,https://www.vizzit.fr/fr/property/appartement/lyon-6/Auvvohzt0f9a47bo,45.76921,4.8525
Lyon 6ème (69006),585 €,19 m² - Studio,https://www.vizzit.fr/fr/property/appartement/lyon-6/A0bctqqn2ow9f0pm,45.7686,4.85632
Lyon 8ème (69008),622 €,33 m² - Studio,https://www.vizzit.fr/fr/property/appartement/lyon-8/A39w3jn060bwpdgu,45.73322,4.8825
Lyon 2ème (69002),765 €,26 m² - 2 pièces,https://www.vizzit.fr/fr/property/appartement/lyon-2/Azme9o6vczcw306f,45.75462,4.83019
Lyon 4ème (69004),1 335 €,57 m² - 3 pièces,https://www.vizzit.fr/fr/property/appartement/lyon-4/A3v3bbxh8ewz1gma,45.77452,4.82696
Lyon 9ème (69009),850 €,47 m² - 2 pièces,https://www.vizzit.fr/fr/property/appartement/lyon-9/Ani6hx0068w846kg,45.78374,4.80856
Lyon 4ème (69004),914 €,58 m² - 2 pièces,https://www.vizzit.fr/fr/property/appartement/lyon-4/Aq1mrl48h0pou68r,45.77847,4.83154
Lyon 2ème (69002),895 €,51 m² - 2 pièces,https://www.vizzit.fr/fr/property/appartement/lyon-2/Aflv0flfz92fq4tk,45.75234,4.83222
Lyon 5ème (69005),1 090 €,59 m² - 3 pièces,https://www.vizzit.fr/fr/property/appartement/lyon-5/A5fbsxfwnno4uol3,45.75337,4.82269
Lyon 4ème (69004),843 €,39 m² - 1 pièce,https://www.vizzit.fr/fr/property/appartement/lyon-4/Az4k819pr65fqace,45.7792,4.8322
Lyon 7ème (69007),720 €,28 m² - Studio,https://www.vizzit.fr/fr/property/appartement/lyon-7/Aoit1m9oxvtzwn8b,45.74981,4.84612
Lyon 6ème (69006),900 €,29 m² - 1 pièce,https://www.vizzit.fr/fr/property/appartement/lyon-6/A9per9o4h5pr3jst,45.76789,4.85695
Lyon 1er (69001),1 430 €,66 m² - 3 pièces,https://www.vizzit.fr/fr/property/appartement/lyon-1/A42424dpsiht761d,45.7679,4.82931
Lyon 3ème (69003),755 €,35 m² - Studio,https://www.vizzit.fr/fr/property/appartement/lyon-3/A1rhtc14cnt99xjl,45.7529,4.88538
Lyon 4ème (69004),695 €,20 m² - Studio,https://www.vizzit.fr/fr/property/appartement/lyon-4/Ao5asvgx92dv5qb0,45.78011,4.83703
Lyon 7ème (69007),724 €,25 m² - Studio,https://www.vizzit.fr/fr/property/appartement/lyon-7/Aulfqsb5o7fzo3pq,45.75227,4.84676
Lyon 3ème (69003),1 220 €,73 m² - 3 pièces,https://www.vizzit.fr/fr/property/appartement/lyon-3/Amjkqtet2hi66t37,45.75467,4.86838
Lyon 1er (69001),360 €,12 m² - Studio,https://www.vizzit.fr/fr/property/appartement/lyon-1/Aslwiytfhxgqwi4s,45.769,4.82817
Lyon 3ème (69003),605 €,21 m² - 1 pièce,https://www.vizzit.fr/fr/property/appartement/lyon-3/Ausuku6mopexeahj,45.74893,4.88295
Lyon 1er (69001),1 160 €,48 m² - 2 pièces,https://www.vizzit.fr/fr/property/appartement/lyon-1/Aspfn9roumvho6g6,45.76992,4.82971
Lyon 4ème (69004),1 400 €,83 m² - 4 pièces,https://www.vizzit.fr/fr/property/appartement/lyon-4/Aoukp73tvhk8k10a,45.78135,4.81268
Lyon 3ème (69003),1 065 €,89 m² - 3 pièces,https://www.vizzit.fr/fr/property/appartement/lyon-3/At9lpevm9dtple8o,45.7547,4.87644
Lyon 7ème (69007),920 €,32 m² - 2 pièces,https://www.vizzit.fr/fr/property/appartement/lyon-7/Aflqxxd0t496e81e,45.7475,4.85826
Lyon 7ème (69007),940 €,43 m² - 2 pièces,https://www.vizzit.fr/fr/property/appartement/lyon-7/Au9rp92zv8qdkumg,45.74053,4.83377
Lyon 9ème (69009),475 €,17 m² - Studio,https://www.vizzit.fr/fr/property/appartement/lyon-9/Ar7t2irmzmoyvs7g,45.77963,4.80709
Lyon 1er (69001),492 €,25 m² - Studio,https://www.vizzit.fr/fr/property/appartement/lyon-1/Ax36jpjq43em9n3m,45.77391,4.8364
Lyon 3ème (69003),1 060 €,50 m² - 2 pièces,https://www.vizzit.fr/fr/property/appartement/lyon-3/Assdd6gu5z7bhiyt,45.74555,4.87882
Lyon 3ème (69003),890 €,27 m² - Studio,https://www.vizzit.fr/fr/property/appartement/lyon-3/Ab4dkxdqaimps9dx,45.76361,4.86148
Lyon 8ème (69008),550 €,19 m² - Studio,https://www.vizzit.fr/fr/property/appartement/lyon-8/Af4ei1ig086j1aip,45.74472,4.86133
Lyon 8ème (69008),760 €,31 m² - Studio,https://www.vizzit.fr/fr/property/appartement/lyon-8/A742ue9fo7dmuu43,45.73475,4.85713
Lyon 5ème (69005),590 €,28 m² - 1 pièce,https://www.vizzit.fr/fr/property/appartement/lyon-5/Auxx7jluzmvmpyx0,45.75738,4.79621
Lyon 7ème (69007),714 €,33 m² - Studio,https://www.vizzit.fr/fr/property/appartement/lyon-7/Aslaz6bhsc1yjicq,45.75186,4.84703
Lyon 5ème (69005),720 €,36 m² - 1 pièce,https://www.vizzit.fr/fr/property/appartement/lyon-5/Agltb2nyyvfwri84,45.75881,4.79357
Lyon 6ème (69006),1 890 €,108 m² - 4 pièces,https://www.vizzit.fr/fr/property/appartement/lyon-6/A022io16wy85yctx,45.76876,4.85676
Lyon 2ème (69002),1 045 €,57 m² - 3 pièces,https://www.vizzit.fr/fr/property/appartement/lyon-2/Alni30uosie51n4x,45.74588,4.8232
Lyon 7ème (69007),1 017 €,19 m² - 2 pièces,https://www.vizzit.fr/fr/property/appartement/lyon-7/Arsk12hecjllzu76,45.74293,4.84929
Lyon 2ème (69002),758 €,33 m² - 2 pièces,https://www.vizzit.fr/fr/property/appartement/lyon-2/Alcz9l7daheqzs5s,45.76401,4.8349
Lyon 7ème (69007),865 €,49 m² - 2 pièces,https://www.vizzit.fr/fr/property/appartement/lyon-7/A67e10xlvc0qljk6,45.75377,4.84173
Lyon 7ème (69007),670 €,20 m² - Studio,https://www.vizzit.fr/fr/property/appartement/lyon-7/Aivmy0ewjj4cppa8,45.7345,4.8379
Lyon 2ème (69002),850 €,29 m² - 1 pièce,https://www.vizzit.fr/fr/property/appartement/lyon-2/Anvc9cywvnn04q1c,45.75241,4.8272
Lyon 7ème (69007),1 022 €,53 m² - 2 pièces,https://www.vizzit.fr/fr/property/appartement/lyon-7/Av986a3th9kx9r3m,45.7338,4.83948
Lyon 3ème (69003),1 305 €,91 m² - 4 pièces,https://www.vizzit.fr/fr/property/appartement/lyon-3/A6z4uii51ian2din,45.75993,4.84939
Lyon 7ème (69007),1 000 €,56 m² - 3 pièces,https://www.vizzit.fr/fr/property/appartement/lyon-7/Aosb99iwx0kqlrow,45.74853,4.84171
Lyon 4ème (69004),860 €,36 m² - 2 pièces,https://www.vizzit.fr/fr/property/appartement/lyon-4/Aa8gjbtggvi0xrew,45.7805,4.83355
Lyon 3ème (69003),1 190 €,40 m² - Studio,https://www.vizzit.fr/fr/property/appartement/lyon-3/A7xmmdwad92pl3s2,45.75395,4.87571
Lyon 6ème (69006),975 €,37 m² - 2 pièces,https://www.vizzit.fr/fr/property/appartement/lyon-6/Aieocazkktyaxwx6,45.76365,4.85476
Lyon 6ème (69006),1 263 €,56 m² - 2 pièces,https://www.vizzit.fr/fr/property/appartement/lyon-6/Acmpe6kyitnjm7b0,45.76533,4.84621
Lyon 9ème (69009),485 €,21 m² - Studio,https://www.vizzit.fr/fr/property/appartement/lyon-9/A1kv2nxk426o1k3j,45.788,4.8128
Lyon 9ème (69009),495 €,19 m² - Studio,https://www.vizzit.fr/fr/property/appartement/lyon-9/Ao3kyk21ymerx1e9,45.7883,4.813
Lyon 3ème (69003),1 340 €,76 m² - 3 pièces,https://www.vizzit.fr/fr/property/appartement/lyon-3/Avvqz8vcvm4ch3bb,45.75451,4.87702
Lyon 1er (69001),890 €,24 m² - 2 pièces,https://www.vizzit.fr/fr/property/appartement/lyon-1/Ayssgs9lkh6i9ey4,45.771,4.83303
Lyon 5ème (69005),780 €,52 m² - 2 pièces,https://www.vizzit.fr/fr/property/appartement/lyon-5/A1tyxqcuy1wx7fo6,45.7583,4.7991
Lyon 5ème (69005),750 €,37 m² - 2 pièces,https://www.vizzit.fr/fr/property/appartement/lyon-5/A0ndeciptakhjgse,45.7552,4.8131
Lyon 8ème (69008),560 €,18 m² - Studio,https://www.vizzit.fr/fr/property/appartement/lyon-8/A8msf3eh1i21d2tx,45.74472,4.86133
Lyon 3ème (69003),1 475 €,69 m² - 3 pièces,https://www.vizzit.fr/fr/property/appartement/lyon-3/Aevxlu3cexaqxc0b,45.75015,4.88565
Lyon 1er (69001),747 €,46 m² - 3 pièces,https://www.vizzit.fr/fr/property/appartement/lyon-1/Axo212ihc0b6d2jc,45.7693,4.8263
Lyon 4ème (69004),790 €,33 m² - 1 pièce,https://www.vizzit.fr/fr/property/appartement/lyon-4/Aqj42krs4gabbst9,45.77657,4.83605
Lyon 4ème (69004),1 200 €,80 m² - 3 pièces,https://www.vizzit.fr/fr/property/appartement/lyon-4/Am3iybxnzm88jt6g,45.77864,4.84073
Lyon 3ème (69003),950 €,42 m² - 2 pièces,https://www.vizzit.fr/fr/property/appartement/lyon-3/Actl5x8xc0h0pj2d,45.75479,4.86794
Lyon 8ème (69008),520 €,24 m² - Studio,https://www.vizzit.fr/fr/property/appartement/lyon-8/Atlppowravyqix82,45.74152,4.86157
Lyon 1er (69001),700 €,13 m² - Studio,https://www.vizzit.fr/fr/property/appartement/lyon-1/An8s64ie41qtdbv1,45.76544,4.83264
Lyon 1er (69001),990 €,80 m² - 3 pièces,https://www.vizzit.fr/fr/property/appartement/lyon-1/A2hbc9r0d9wv8or4,45.77002,4.8347
Lyon 1er (69001),1 100 €,45 m² - 2 pièces,https://www.vizzit.fr/fr/property/appartement/lyon-1/Azobguoig042hlh7,45.76935,4.81825
Lyon 8ème (69008),585 €,18 m² - Studio,https://www.vizzit.fr/fr/property/appartement/lyon-8/A339dm7kvu6ybrp8,45.74204,4.85884
Lyon 6ème (69006),1 389 €,69 m² - 2 pièces,https://www.vizzit.fr/fr/property/appartement/lyon-6/Akwno1hw10ic53tk,45.77196,4.86087
Lyon 5ème (69005),780 €,36 m² - 2 pièces,https://www.vizzit.fr/fr/property/appartement/lyon-5/A4a5km3tkr9izyto,45.76592,4.82627
Lyon 5ème (69005),1 090 €,49 m² - 2 pièces,https://www.vizzit.fr/fr/property/appartement/lyon-5/Aliwfupv8ghkm1hm,45.76298,4.82774
Lyon 6ème (69006),390 €,15 m² - Studio,https://www.vizzit.fr/fr/property/appartement/lyon-6/Aofncf4uyyd1dsk0,45.76791,4.85107
Lyon 2ème (69002),1 515 €,80 m² - 4 pièces,https://www.vizzit.fr/fr/property/appartement/lyon-2/Awc93rx0i1cgkxhe,45.74883,4.82557
Lyon 2ème (69002),950 €,28 m² - 2 pièces,https://www.vizzit.fr/fr/property/appartement/lyon-2/A1cbrlf4vt55wpss,45.76371,4.83764
Lyon 7ème (69007),1 600 €,78 m² - 4 pièces,https://www.vizzit.fr/fr/property/appartement/lyon-7/Aui02d6p50u8enyw,45.72788,4.83974
Lyon 3ème (69003),810 €,38 m² - 2 pièces,https://www.vizzit.fr/fr/property/appartement/lyon-3/A9g2t3wyvaell63w,45.74473,4.88566
Lyon 7ème (69007),600 €,18 m² - Studio,https://www.vizzit.fr/fr/property/appartement/lyon-7/Aajetdy16hoi001s,45.74645,4.84779
Lyon 3ème (69003),483 €,28 m² - 1 pièce,https://www.vizzit.fr/fr/property/appartement/lyon-3/A7fo14yu2o9bun10,45.74749,4.88728
Lyon 2ème (69002),2 733 €,165 m² - 5 pièces,https://www.vizzit.fr/fr/property/appartement/lyon-2/Aago8724n6sm25n1,45.75883,4.83113
Lyon 3ème (69003),727 €,30 m² - 2 pièces,https://www.vizzit.fr/fr/property/appartement/lyon-3/Axyy5t5t43ntmw3t,45.75351,4.89114
Lyon 4ème (69004),834 €,30 m² - 1 pièce,https://www.vizzit.fr/fr/property/appartement/lyon-4/Akdgpcfaxljoc5e3,45.77003,4.82839
Lyon 9ème (69009),730 €,37 m² - 2 pièces,https://www.vizzit.fr/fr/property/appartement/lyon-9/A7ao60oh3wrubpz0,45.78131,4.80653
Lyon 8ème (69008),875 €,41 m² - 2 pièces,https://www.vizzit.fr/fr/property/appartement/lyon-8/Ax1lvgqvopj0cuxn,45.73298,4.87491
Lyon 8ème (69008),810 €,54 m² - 2 pièces,https://www.vizzit.fr/fr/property/appartement/lyon-8/Asat2m0qj6x86qk0,45.73141,4.85468
Lyon 7ème (69007),1 060 €,56 m² - 2 pièces,https://www.vizzit.fr/fr/property/appartement/lyon-7/A5mtqd5icc8i9a3i,45.75037,4.84967
Lyon 8ème (69008),730 €,34 m² - Studio,https://www.vizzit.fr/fr/property/appartement/lyon-8/Atkdlodjwaa5stp6,45.73688,4.8647
Lyon 8ème (69008),740 €,24 m² - 2 pièces,https://www.vizzit.fr/fr/property/appartement/lyon-8/Amubrym5v1fko2q5,45.73298,4.87491
Lyon 3ème (69003),920 €,43 m² - 2 pièces,https://www.vizzit.fr/fr/property/appartement/lyon-3/Arpxalddhw5gdtkt,45.76036,4.84848
Lyon 5ème (69005),949 €,34 m² - 1 pièce,https://www.vizzit.fr/fr/property/appartement/lyon-5/Azuqc4sxbp5b313k,45.75707,4.80644
Lyon 5ème (69005),1 080 €,40 m² - 2 pièces,https://www.vizzit.fr/fr/property/appartement/lyon-5/A8ydxp4q5g7o0f2z,45.75432,4.79133
Lyon 1er (69001),650 €,28 m² - Studio,https://www.vizzit.fr/fr/property/appartement/lyon-1/A8gce0bpmbyo3d1y,45.76791,4.83625
Lyon 8ème (69008),615 €,30 m² - Studio,https://www.vizzit.fr/fr/property/appartement/lyon-8/Amj9jboq19ed7oir,45.73467,4.88198
Lyon 6ème (69006),630 €,21 m² - Studio,https://www.vizzit.fr/fr/property/appartement/lyon-6/A7x7tvpthvhwxfg3,45.76949,4.85366
Lyon 3ème (69003),795 €,26 m² - Studio,https://www.vizzit.fr/fr/property/appartement/lyon-3/Av9zuzp55vsv3wzo,45.76036,4.84848
Lyon 5ème (69005),775 €,27 m² - 2 pièces,https://www.vizzit.fr/fr/property/appartement/lyon-5/A2yieypg9130kbah,45.76627,4.81867
Lyon 4ème (69004),680 €,10 m² - 1 pièce,https://www.vizzit.fr/fr/property/appartement/lyon-4/A3nndnjjw4fb1dgo,45.78026,4.82853
Lyon 2ème (69002),890 €,35 m² - 2 pièces,https://www.vizzit.fr/fr/property/appartement/lyon-2/A6izi1yggceoxqws,45.74556,4.82292
Lyon 3ème (69003),1 100 €,46 m² - 2 pièces,https://www.vizzit.fr/fr/property/appartement/lyon-3/A4su5216knod8z3w,45.74904,4.86209
Lyon 7ème (69007),710 €,25 m² - 2 pièces,https://www.vizzit.fr/fr/property/appartement/lyon-7/Avvhecwtucm00e10,45.74334,4.83798
Lyon 8ème (69008),940 €,60 m² - 3 pièces,https://www.vizzit.fr/fr/property/appartement/lyon-8/A9c0mt9e8ff2e0ie,45.72472,4.88432
Lyon 3ème (69003),710 €,37 m² - 2 pièces,https://www.vizzit.fr/fr/property/appartement/lyon-3/Amnofezh4e4dfd29,45.75152,4.89507
Lyon 9ème (69009),900 €,50 m² - 3 pièces,https://www.vizzit.fr/fr/property/appartement/lyon-9/Ax0cc9ef3xl47sga,45.78558,4.8108
Lyon 9ème (69009),1 160 €,60 m² - 3 pièces,https://www.vizzit.fr/fr/property/appartement/lyon-9/A2vf62jjojt9uubs,45.77943,4.80481
Lyon 7ème (69007),1 100 €,66 m² - 2 pièces,https://www.vizzit.fr/fr/property/appartement/lyon-7/Afjp3q2lu55t27nj,45.74841,4.84007
Lyon 6ème (69006),1 023 €,54 m² - 2 pièces,https://www.vizzit.fr/fr/property/appartement/lyon-6/Ap1vxu7xvnxncroq,45.77407,4.85085
Lyon 3ème (69003),810 €,45 m² - 2 pièces,https://www.vizzit.fr/fr/property/appartement/lyon-3/Awpb4dfgxvifxp1r,45.75301,4.85097
Lyon 3ème (69003),1 100 €,50 m² - 3 pièces,https://www.vizzit.fr/fr/property/appartement/lyon-3/Aipfbqm2qab9aja6,45.7547,4.87644
Lyon 8ème (69008),920 €,27 m² - 2 pièces,https://www.vizzit.fr/fr/property/appartement/lyon-8/Aiffarr25dctkohp,45.7395,4.86261
Lyon 3ème (69003),650 €,18 m² - Studio,https://www.vizzit.fr/fr/property/appartement/lyon-3/Ae0qr2zkyyshqbjl,45.75583,4.85128
Lyon 3ème (69003),1 095 €,58 m² - 2 pièces,https://www.vizzit.fr/fr/property/appartement/lyon-3/Aqpzidnde49wmgtt,45.7576,4.85655
Lyon 3ème (69003),1 750 €,85 m² - 3 pièces,https://www.vizzit.fr/fr/property/appartement/lyon-3/Ae2bq72kwj40ahrk,45.75994,4.84348
Lyon 7ème (69007),700 €,21 m² - Studio,https://www.vizzit.fr/fr/property/appartement/lyon-7/Az1nmw2o0ly5ykvo,45.74884,4.84895
Lyon 7ème (69007),495 €,18 m² - Studio,https://www.vizzit.fr/fr/property/appartement/lyon-7/A3znsajyppbz3ccl,45.74866,4.85868
Lyon 9ème (69009),800 €,42 m² - 2 pièces,https://www.vizzit.fr/fr/property/appartement/lyon-9/Atoidr2izy06gscl,45.80258,4.82529
Lyon 1er (69001),880 €,33 m² - 2 pièces,https://www.vizzit.fr/fr/property/appartement/lyon-1/Atkdmhr3612278lu,45.76892,4.83432
Lyon 7ème (69007),950 €,50 m² - 2 pièces,https://www.vizzit.fr/fr/property/appartement/lyon-7/Ab2u2jf0q0hosa0c,45.74866,4.83503
Lyon 7ème (69007),570 €,30 m² - Studio,https://www.vizzit.fr/fr/property/appartement/lyon-7/Aady33txqwpv1gzu,45.7495,4.8424
Lyon 2ème (69002),716 €,25 m² - Studio,https://www.vizzit.fr/fr/property/appartement/lyon-2/An5apejn6azhdwpw,45.7568,4.8315
Lyon 7ème (69007),1 064 €,72 m² - 3 pièces,https://www.vizzit.fr/fr/property/appartement/lyon-7/Ap4j3axnr2i98uh3,45.7533,4.83964
Lyon 4ème (69004),950 €,38 m² - 2 pièces,https://www.vizzit.fr/fr/property/appartement/lyon-4/Azyv1den87uvlonl,45.77885,4.84084
Lyon 2ème (69002),1 515 €,80 m² - 4 pièces,https://www.vizzit.fr/fr/property/appartement/lyon-2/Av7a56gggotohsow,45.74883,4.82557
Lyon 5ème (69005),949 €,34 m² - 1 pièce,https://www.vizzit.fr/fr/property/appartement/lyon-5/Aa4552ku7gm9e033,45.7565,4.82413
Lyon 6ème (69006),1 023 €,54 m² - 2 pièces,https://www.vizzit.fr/fr/property/appartement/lyon-6/Agyr2di1r0sz207b,45.77407,4.85085
Lyon 3ème (69003),1 100 €,50 m² - 3 pièces,https://www.vizzit.fr/fr/property/appartement/lyon-3/Aoj3z6vkvu77i4kz,45.75673,4.85125
Lyon 7ème (69007),1 017 €,50 m² - 2 pièces,https://www.vizzit.fr/fr/property/appartement/lyon-7/Airv35slf2j4n7wx,45.73335,4.83733
Lyon 7ème (69007),2 100 €,77 m² - 4 pièces,https://www.vizzit.fr/fr/property/appartement/lyon-7/Aii9huhqnmb9qc0r,45.74211,4.84922
Lyon 7ème (69007),595 €,18 m² - Studio,https://www.vizzit.fr/fr/property/appartement/lyon-7/A1789mgy9wtmc1gz,45.74682,4.83366
Lyon 2ème (69002),1 030 €,53 m² - 2 pièces,https://www.vizzit.fr/fr/property/appartement/lyon-2/Afvg531r4c2imwuc,45.75089,4.83036
Lyon 3ème (69003),665 €,24 m² - 2 pièces,https://www.vizzit.fr/fr/property/appartement/lyon-3/Aeerl0sekfadeckd,45.75244,4.89118
Lyon 6ème (69006),390 €,11 m² - 1 pièce,https://www.vizzit.fr/fr/property/appartement/lyon-6/Abducoznd8vpyixv,45.76787,4.85736
Lyon 4ème (69004),590 €,20 m² - Studio,https://www.vizzit.fr/fr/property/appartement/lyon-4/A7syp5tb2u6z14u8,45.77491,4.83678
Lyon 8ème (69008),580 €,25 m² - Studio,https://www.vizzit.fr/fr/property/appartement/lyon-8/A16iitwuwdpvxiaa,45.74557,4.86432
Lyon 2ème (69002),850 €,20 m² - 2 pièces,https://www.vizzit.fr/fr/property/appartement/lyon-2/Avfpmeyfnznaie78,45.759,4.83616
Lyon 7ème (69007),810 €,50 m² - 2 pièces,https://www.vizzit.fr/fr/property/appartement/lyon-7/A027ngjwmanykfat,45.74608,4.83877
Lyon 9ème (69009),610 €,35 m² - Studio,https://www.vizzit.fr/fr/property/appartement/lyon-9/Akmwg8uh2xakcy2m,45.75888,4.81087
Lyon 6ème (69006),1 190 €,72 m² - 3 pièces,https://www.vizzit.fr/fr/property/appartement/lyon-6/Arbtp60yoym9uf5e,45.76794,4.84353
Lyon 3ème (69003),579 €,29 m² - 1 pièce,https://www.vizzit.fr/fr/property/appartement/lyon-3/Ax5rjihpqb2v4f7k,45.74332,4.88084
Lyon 3ème (69003),580 €,20 m² - Studio,https://www.vizzit.fr/fr/property/appartement/lyon-3/Am7ruw668rhr40zu,45.7547,4.87644
Lyon 7ème (69007),795 €,39 m² - 1 pièce,https://www.vizzit.fr/fr/property/appartement/lyon-7/Ag13hgry80xxhc6c,45.75235,4.84044
Lyon 3ème (69003),530 €,20 m² - Studio,https://www.vizzit.fr/fr/property/appartement/lyon-3/A4gpm2sy214hjan5,45.75012,4.86496
Lyon 2ème (69002),897 €,54 m² - 2 pièces,https://www.vizzit.fr/fr/property/appartement/lyon-2/Al8l632s44fxt0kp,45.76432,4.83714
Lyon 5ème (69005),640 €,27 m² - 2 pièces,https://www.vizzit.fr/fr/property/appartement/lyon-5/Ang0k1a1kdjbl4w7,45.75299,4.7956
Lyon 3ème (69003),850 €,53 m² - 2 pièces,https://www.vizzit.fr/fr/property/appartement/lyon-3/Aezijx3ya6wiy5m4,45.74684,4.88484
Lyon 3ème (69003),574 €,23 m² - 1 pièce,https://www.vizzit.fr/fr/property/appartement/lyon-3/Ae5zw1r7knvuyi45,45.76006,4.85986
Lyon 9ème (69009),950 €,42 m² - 2 pièces,https://www.vizzit.fr/fr/property/appartement/lyon-9/Agh2wmki26oqmtid,45.76899,4.80542
Lyon 9ème (69009),660 €,28 m² - 1 pièce,https://www.vizzit.fr/fr/property/appartement/lyon-9/Aezwycsqxwbddfzg,45.78587,4.81227
Lyon 9ème (69009),690 €,13 m² - Studio,https://www.vizzit.fr/fr/property/appartement/lyon-9/Ahqusn60rfwn6sri,45.78624,4.79999
Lyon 9ème (69009),750 €,28 m² - Studio,https://www.vizzit.fr/fr/property/appartement/lyon-9/Ams0pieej1zsgj8q,45.78584,4.81083
Lyon 7ème (69007),660 €,35 m² - Studio,https://www.vizzit.fr/fr/property/appartement/lyon-7/Atvt9ca0e31gyuuk,45.74923,4.83947
Lyon 3ème (69003),800 €,28 m² - Studio,https://www.vizzit.fr/fr/property/appartement/lyon-3/Atm0k49rzfk4mlua,45.75621,4.8592
Lyon 7ème (69007),485 €,24 m² - 1 pièce,https://www.vizzit.fr/fr/property/appartement/lyon-7/Ag47m3peu0q77k0s,45.75173,4.83643
Lyon 7ème (69007),779 €,29 m² - 2 pièces,https://www.vizzit.fr/fr/property/appartement/lyon-7/Art299sioj2c6vc3,45.73906,4.82945
Lyon 3ème (69003),1 120 €,58 m² - 3 pièces,https://www.vizzit.fr/fr/property/appartement/lyon-3/A0dwxqh74t6eialj,45.76199,4.84006
Lyon 6ème (69006),1 142 €,54 m² - 3 pièces,https://www.vizzit.fr/fr/property/appartement/lyon-6/Afbb7xrnk8wcqy06,45.76722,4.84746
Lyon 6ème (69006),900 €,32 m² - 2 pièces,https://www.vizzit.fr/fr/property/appartement/lyon-6/A409apk0moq709rj,45.76626,4.86096
Lyon 8ème (69008),895 €,50 m² - 2 pièces,https://www.vizzit.fr/fr/property/appartement/lyon-8/A1p6vlgc9ycfeyz0,45.73336,4.87391
Lyon 8ème (69008),830 €,43 m² - 2 pièces,https://www.vizzit.fr/fr/property/appartement/lyon-8/Aub7r9ijpp6fes3w,45.74206,4.86052
Lyon 2ème (69002),"660 €
-4%",22 m² - Studio,https://www.vizzit.fr/fr/property/appartement/lyon-2/Amck08ja42ue5g7c,45.75798,4.82916
Lyon 3ème (69003),580 €,18 m² - Studio,https://www.vizzit.fr/fr/property/appartement/lyon-3/Avv3w1akydmoq8bw,45.75777,4.86962
Lyon 7ème (69007),865 €,46 m² - 2 pièces,https://www.vizzit.fr/fr/property/appartement/lyon-7/Adk1xzh5junsv16r,45.74752,4.83425
Lyon 3ème (69003),1 020 €,50 m² - 3 pièces,https://www.vizzit.fr/fr/property/appartement/lyon-3/Ax8ov21puyz8azjn,45.74946,4.86825
Lyon 1er (69001),635 €,22 m² - Studio,https://www.vizzit.fr/fr/property/appartement/lyon-1/Aroca1p77nbvtgsm,45.76675,4.83261
Lyon 2ème (69002),940 €,29 m² - 1 pièce,https://www.vizzit.fr/fr/property/appartement/lyon-2/A9rr6e8kgahegq56,45.75047,4.82868
Lyon 1er (69001),800 €,30 m² - 2 pièces,https://www.vizzit.fr/fr/property/appartement/lyon-1/Adnj8kiwi28smjzs,45.771,4.82857
Lyon 1er (69001),1 020 €,52 m² - 2 pièces,https://www.vizzit.fr/fr/property/appartement/lyon-1/An87p5gp2pjqcd1t,45.77046,4.83414
Lyon 6ème (69006),800 €,46 m² - 2 pièces,https://www.vizzit.fr/fr/property/appartement/lyon-6/Aairce4nv61f2ifg,45.76365,4.85476
Lyon 9ème (69009),940 €,46 m² - 2 pièces,https://www.vizzit.fr/fr/property/appartement/lyon-9/Aojb5yxr2jci56dq,45.76852,4.80297
Lyon 3ème (69003),1 010 €,48 m² - 2 pièces,https://www.vizzit.fr/fr/property/appartement/lyon-3/Am04kfe3qz58o7hg,45.75912,4.85149
Lyon 5ème (69005),990 €,70 m² - 2 pièces,https://www.vizzit.fr/fr/property/appartement/lyon-5/Aekxh3b0271cxxay,45.76294,4.82792
Lyon 5ème (69005),913 €,60 m² - 3 pièces,https://www.vizzit.fr/fr/property/appartement/lyon-5/Ax945le44daqtdb9,45.75424,4.7967
Lyon 6ème (69006),661 €,29 m² - 1 pièce,https://www.vizzit.fr/fr/property/appartement/lyon-6/As1fejvboy53hdn7,45.76508,4.84281
Lyon 9ème (69009),1 210 €,84 m² - 4 pièces,https://www.vizzit.fr/fr/property/appartement/lyon-9/Anhi1ekzfq43s2g4,45.78338,4.81199
Lyon 2ème (69002),1 850 €,74 m² - 3 pièces,https://www.vizzit.fr/fr/property/appartement/lyon-2/Aqies6jxr22vjp50,45.74182,4.81925
Lyon 6ème (69006),720 €,30 m² - 2 pièces,https://www.vizzit.fr/fr/property/appartement/lyon-6/A43lxwj2vhyikot5,45.77791,4.853
Lyon 2ème (69002),680 €,44 m² - 1 pièce,https://www.vizzit.fr/fr/property/appartement/lyon-2/Ah91avo6k1v7flry,45.75241,4.8272
Lyon 3ème (69003),1 141 €,75 m² - 4 pièces,https://www.vizzit.fr/fr/property/appartement/lyon-3/Aoiu338sqs1yck9l,45.74969,4.86824
Lyon 1er (69001),622 €,36 m² - Studio,https://www.vizzit.fr/fr/property/appartement/lyon-1/A864a8a0tss3swes,45.76899,4.83492
Lyon 5ème (69005),1 130 €,56 m² - 3 pièces,https://www.vizzit.fr/fr/property/appartement/lyon-5/Aux51zpfb6de1973,45.75707,4.80644
Lyon 2ème (69002),692 €,43 m² - 3 pièces,https://www.vizzit.fr/fr/property/appartement/lyon-2/Axin6to8pdk7aid1,45.75089,4.83036
Lyon 3ème (69003),1 155 €,73 m² - 4 pièces,https://www.vizzit.fr/fr/property/appartement/lyon-3/A1zm70asbv3t0458,45.75034,4.88532
Lyon 3ème (69003),745 €,44 m² - 2 pièces,https://www.vizzit.fr/fr/property/appartement/lyon-3/Abg2iyos9cmg3lsc,45.75121,4.88345
Lyon 3ème (69003),513 €,23 m² - Studio,https://www.vizzit.fr/fr/property/appartement/lyon-3/A3al1dze6qorqxcl,45.7564,4.84442
Lyon 2ème (69002),2 016 €,193 m² - 6 pièces,https://www.vizzit.fr/fr/property/appartement/lyon-2/A9pmchmeuq9etq6e,45.75089,4.83036
Lyon 7ème (69007),781 €,47 m² - 2 pièces,https://www.vizzit.fr/fr/property/appartement/lyon-7/Apomxwt9vfdeglxk,45.75227,4.84676
Lyon 3ème (69003),468 €,27 m² - 1 pièce,https://www.vizzit.fr/fr/property/appartement/lyon-3/Apkjt9wpc218jlcd,45.75857,4.84176
Lyon 9ème (69009),316 €,16 m² - Studio,https://www.vizzit.fr/fr/property/appartement/lyon-9/Aoqt530hxjkorjpo,45.76994,4.79843
Lyon 8ème (69008),631 €,36 m² - 1 pièce,https://www.vizzit.fr/fr/property/appartement/lyon-8/Au8zqcujelhxfm23,45.74472,4.86053
Lyon 7ème (69007),817 €,73 m² - 3 pièces,https://www.vizzit.fr/fr/property/appartement/lyon-7/An0nzrir593g6z1s,45.75227,4.84676
