Titre,Prix,Lieu_Surface,Lien
Appartement T3 à louer,1 100 € par mois charges comprises,"LYON  69003 50 m2, 3 pièces Ref : 134637",https://www.century21.fr/trouver_logement/detail/15336559480/
Appartement T3 à louer,1 100 € par mois charges comprises,"LYON  69003 50 m2, 3 pièces Ref : 134637",https://15336559480.century21.fr/
Appartement T1 à louer,700 € par mois charges comprises,"LYON  69008 21,62 m2, 1 pièce Ref : 20465",https://www.century21.fr/trouver_logement/detail/15398798111/
Appartement T1 à louer,700 € par mois charges comprises,"LYON  69008 21,62 m2, 1 pièce Ref : 20465",https://www.century21.fr/trouver_logement/detail/15398798111/?came_from=/annonces/f/location-maison-appartement/v-lyon/
Appartement F1 à louer,912 € par mois charges comprises,"LYON  69007 41,91 m2, 1 pièce Ref : 1026",https://www.century21.fr/trouver_logement/detail/15395801985/
Appartement F1 à louer,912 € par mois charges comprises,"LYON  69007 41,91 m2, 1 pièce Ref : 1026",https://15395801985.century21.fr/
Appartement à louer,840 € par mois charges comprises,"LYON  69009 71,20 m2, 3 pièces Ref : 22624",https://www.century21.fr/trouver_logement/detail/15321278025/
Appartement à louer,840 € par mois charges comprises,"LYON  69009 71,20 m2, 3 pièces Ref : 22624",https://www.century21.fr/trouver_logement/detail/15321278025/?came_from=/annonces/f/location-maison-appartement/v-lyon/
Appartement à louer,1 600 € par mois charges comprises,"LYON  69001 100,65 m2, 3 pièces Ref : 39048",https://www.century21.fr/trouver_logement/detail/15274160940/
Appartement à louer,1 600 € par mois charges comprises,"LYON  69001 100,65 m2, 3 pièces Ref : 39048",https://www.century21.fr/trouver_logement/detail/15274160940/?came_from=/annonces/f/location-maison-appartement/v-lyon/
Appartement F4 à louer,1 305 € par mois charges comprises,"LYON  69003 91,33 m2, 4 pièces Ref : 20463",https://www.century21.fr/trouver_logement/detail/15387352898/
Appartement F4 à louer,1 305 € par mois charges comprises,"LYON  69003 91,33 m2, 4 pièces Ref : 20463",https://www.century21.fr/trouver_logement/detail/15387352898/?came_from=/annonces/f/location-maison-appartement/v-lyon/
Appartement F1 à louer,949 € par mois charges comprises,"LYON  69005 34,03 m2, 1 pièce Ref : 39074",https://www.century21.fr/trouver_logement/detail/15377856568/
Appartement F1 à louer,949 € par mois charges comprises,"LYON  69005 34,03 m2, 1 pièce Ref : 39074",https://www.century21.fr/trouver_logement/detail/15377856568/?came_from=/annonces/f/location-maison-appartement/v-lyon/
Appartement F4 à louer,1 515 € par mois charges comprises,"LYON  69002 80,35 m2, 4 pièces Ref : 39068",https://www.century21.fr/trouver_logement/detail/15361084077/
Appartement F4 à louer,1 515 € par mois charges comprises,"LYON  69002 80,35 m2, 4 pièces Ref : 39068",https://www.century21.fr/trouver_logement/detail/15361084077/?came_from=/annonces/f/location-maison-appartement/v-lyon/
Appartement F2 à louer,1 023 € par mois charges comprises,"LYON  69006 54,37 m2, 2 pièces Ref : 20462",https://www.century21.fr/trouver_logement/detail/15382558674/
Appartement F2 à louer,1 023 € par mois charges comprises,"LYON  69006 54,37 m2, 2 pièces Ref : 20462",https://www.century21.fr/trouver_logement/detail/15382558674/?came_from=/annonces/f/location-maison-appartement/v-lyon/
Appartement F2 à louer,1 000 € par mois charges comprises,"LYON  69008 57,14 m2, 2 pièces Ref : 1965",https://www.century21.fr/trouver_logement/detail/15064206354/
Appartement F2 à louer,1 000 € par mois charges comprises,"LYON  69008 57,14 m2, 2 pièces Ref : 1965",https://www.century21.fr/trouver_logement/detail/15064206354/?came_from=/annonces/f/location-maison-appartement/v-lyon/
Appartement F3 à louer,1 115 € par mois charges comprises,"LYON  69008 79,73 m2, 3 pièces Ref : 2037",https://www.century21.fr/trouver_logement/detail/15308812750/
Appartement F3 à louer,1 115 € par mois charges comprises,"LYON  69008 79,73 m2, 3 pièces Ref : 2037",https://www.century21.fr/trouver_logement/detail/15308812750/?came_from=/annonces/f/location-maison-appartement/v-lyon/
Appartement F2 à louer,999 € par mois charges comprises,"LYON  69001 42,25 m2, 2 pièces Ref : 4029",https://www.century21.fr/trouver_logement/detail/15185134901/
Appartement F2 à louer,999 € par mois charges comprises,"LYON  69001 42,25 m2, 2 pièces Ref : 4029",https://www.century21.fr/trouver_logement/detail/15185134901/?came_from=/annonces/f/location-maison-appartement/v-lyon/
Appartement T1 à louer,711 € par mois charges comprises,"LYON  69008 22,68 m2, 1 pièce Ref : 20459",https://www.century21.fr/trouver_logement/detail/15375276987/
Appartement T1 à louer,711 € par mois charges comprises,"LYON  69008 22,68 m2, 1 pièce Ref : 20459",https://www.century21.fr/trouver_logement/detail/15375276987/?came_from=/annonces/f/location-maison-appartement/v-lyon/
Appartement F3 à louer,"999,80 € par mois charges comprises","LYON  69007 56,74 m2, 3 pièces Ref : 1022",https://www.century21.fr/trouver_logement/detail/15374452492/
Appartement F3 à louer,"999,80 € par mois charges comprises","LYON  69007 56,74 m2, 3 pièces Ref : 1022",https://15374452492.century21.fr/
Appartement F2 Bis à louer,"999,80 € par mois charges comprises","LYON  69007 56,74 m2, 2 pièces Ref : 1019",https://www.century21.fr/trouver_logement/detail/15353927984/
Appartement F2 Bis à louer,"999,80 € par mois charges comprises","LYON  69007 56,74 m2, 2 pièces Ref : 1019",https://www.century21.fr/trouver_logement/detail/15353927984/?came_from=/annonces/f/location-maison-appartement/v-lyon/
Appartement F4 à louer,1 800 € par mois charges comprises,"LYON  69008 101,50 m2, 4 pièces Ref : 1852",https://www.century21.fr/trouver_logement/detail/14523630496/
Appartement F4 à louer,1 800 € par mois charges comprises,"LYON  69008 101,50 m2, 4 pièces Ref : 1852",https://www.century21.fr/trouver_logement/detail/14523630496/?came_from=/annonces/f/location-maison-appartement/v-lyon/
Appartement F2 à louer,1 100 € par mois charges comprises,"LYON  69001 46,26 m2, 2 pièces Ref : 39044",https://www.century21.fr/trouver_logement/detail/15263958366/
Appartement F2 à louer,1 100 € par mois charges comprises,"LYON  69001 46,26 m2, 2 pièces Ref : 39044",https://www.century21.fr/trouver_logement/detail/15263958366/?came_from=/annonces/f/location-maison-appartement/v-lyon/
Appartement F3 à louer,"1 082,85 € par mois charges comprises","LYON  69008 60,61 m2, 3 pièces Ref : 2035",https://www.century21.fr/trouver_logement/detail/15299906632/
Appartement F3 à louer,"1 082,85 € par mois charges comprises","LYON  69008 60,61 m2, 3 pièces Ref : 2035",https://www.century21.fr/trouver_logement/detail/15299906632/?came_from=/annonces/f/location-maison-appartement/v-lyon/
Appartement F4 à louer,2 150 € par mois charges comprises,"LYON  69004 110,81 m2, 4 pièces Ref : 1949",https://www.century21.fr/trouver_logement/detail/14978577349/
Appartement F4 à louer,2 150 € par mois charges comprises,"LYON  69004 110,81 m2, 4 pièces Ref : 1949",https://www.century21.fr/trouver_logement/detail/14978577349/?came_from=/annonces/f/location-maison-appartement/v-lyon/
Appartement à louer,1 390 € par mois charges comprises,"LYON  69002 84 m2, 3 pièces Ref : 39013",https://www.century21.fr/trouver_logement/detail/15045556647/
Appartement à louer,1 390 € par mois charges comprises,"LYON  69002 84 m2, 3 pièces Ref : 39013",https://www.century21.fr/trouver_logement/detail/15045556647/?came_from=/annonces/f/location-maison-appartement/v-lyon/
Appartement F3 à louer,2 000 € par mois charges comprises,"LYON  69001 105,06 m2, 3 pièces Ref : 774",https://www.century21.fr/trouver_logement/detail/15178276307/
Appartement F3 à louer,2 000 € par mois charges comprises,"LYON  69001 105,06 m2, 3 pièces Ref : 774",https://15178276307.century21.fr/
Appartement F3 à louer,1 500 € par mois charges comprises,"LYON  69001 52,90 m2, 3 pièces Ref : 20372",https://www.century21.fr/trouver_logement/detail/14764436270/
Appartement F3 à louer,1 500 € par mois charges comprises,"LYON  69001 52,90 m2, 3 pièces Ref : 20372",https://www.century21.fr/trouver_logement/detail/14764436270/?came_from=/annonces/f/location-maison-appartement/v-lyon/page-2/
Appartement T3 à louer,2 500 € par mois charges comprises,"LYON  69007 170 m2, 4 pièces Ref : 907",https://www.century21.fr/trouver_logement/detail/13910822966/
Appartement T3 à louer,2 500 € par mois charges comprises,"LYON  69007 170 m2, 4 pièces Ref : 907",https://13910822966.century21.fr/
