Titre_Lieu,Prix,Infos,Lien
EXCLUSIVITÉ par mois PRIX EN BAISSE LOCATION Location Appartement 3 pièces 69 m2 Lyon 8- Moulin à Ve,958 €,nt Message 2 chambres Balcon Bon état Non meublé Ascenseur Etage : 1 Favoris,https://www.orpi.com/annonce-location-appartement-t3-lyon-8-69008-8222b8db-276b-4330-ad63-612ffd87b4a5/
EXCLUSIVITÉ VISITE VIRTUELLE par mois PRIX EN BAISSE LOCATION Location Appartement 2 pièces 54 m2 Ly,879 €,on 8- Monplaisir - Frères Lumière Message 1 chambre Cave Bon état Non meublé Ascenseur Etage : 3 Favoris,https://www.orpi.com/annonce-location-appartement-t2-lyon-8-69008-cdf0e712-54e7-4e93-91ae-cfd7d9eb3d1b/
par mois LOCATION Location Appartement 1 pièce 50 m2 Lyon 7- Guillotière Message 1 chambre À rafraîc,892 €,hir Non meublé Ascenseur Rez-de-chaussée Favoris,https://www.orpi.com/annonce-location-appartement-t1-lyon-7-69007-56228171-23fd-41d0-8fd9-e75aef03cf0f/
EXCLUSIVITÉ par mois LOCATION Location Stationnement 14 m2 Lyon 4- Parc Popy Message Portail électri,120 €,que Favoris,https://www.orpi.com/annonce-location-stationnement-lyon-4-69004-72c66b64-d844-4cd2-8c30-c8b810430637/
EXCLUSIVITÉ par mois LOCATION Location Appartement 3 pièces 63 m2 Lyon 4- Chazière Message 2 chambre,992 €,s Balcon Cave Bon état Non meublé Ascenseur Favoris,https://www.orpi.com/annonce-location-appartement-t3-lyon-4-69004-bbc0f879-a1c7-4f7f-96c9-445f22fde96d/
EXCLUSIVITÉ par mois LOCATION Location Appartement 4 pièces 55 m2 Lyon 4- Place des Tapis Message 3 ,1 406 €,chambres Bon état Non meublé Etage : 1 Favoris,https://www.orpi.com/annonce-location-appartement-t4-lyon-4-69004-12398bce-de08-40f9-a1b2-48bb3c310890/
EXCLUSIVITÉ par mois LOCATION Location Appartement 1 pièce 24 m2 Lyon 5- Saint-Georges Message Studi,700 €,o Parfait état Meublé Etage : 3 Favoris,https://www.orpi.com/annonce-location-appartement-t1-lyon-5-69005-fb2e98f0-b330-4ce9-b3d4-17fb9aab46cc/
EXCLUSIVITÉ VISITE VIRTUELLE par mois LOCATION Location Appartement 3 pièces 126 m2 Lyon 2- Ampère M,1 980 €,essage 2 chambres Bon état Meublé Etage : 2 Favoris,https://www.orpi.com/annonce-location-appartement-t3-lyon-2-69002-5680f655-8e13-44c9-9c5c-317d25670e6a/
EXCLUSIVITÉ par mois LOCATION Location Appartement 1 pièce 22 m2 Lyon 8- Santy Message Studio Bon ét,760 €,at Meublé Etage : 1 Favoris,https://www.orpi.com/annonce-location-appartement-t1-lyon-8-69008-f68a7850-fd5f-4915-ad9a-a96de46c32f1/
EXCLUSIVITÉ par mois LOCATION Location Appartement 2 pièces 37 m2 Lyon 4- Croix Rousse Message 1 cha,721 €,mbre Bon état Meublé Etage : 3 Favoris,https://www.orpi.com/annonce-location-appartement-t2-lyon-4-69004-291-028089-734/
EXCLUSIVITÉ VISITE VIRTUELLE par mois LOCATION Location Appartement 1 pièce 22 m2 Lyon 8- Moulin à V,403 €,ent Message Studio Terrasse Bon état Non meublé Rez-de-chaussée Favoris,https://www.orpi.com/annonce-location-appartement-t1-lyon-8-69008-9495430e-f1e8-4404-947c-8d8377923c44/
EXCLUSIVITÉ par mois PRIX EN BAISSE LOCATION Location Appartement 1 pièce 35 m2 Lyon 1- Terreaux Mes,950 €,sage Studio Bon état Meublé Etage : 6 Favoris,https://www.orpi.com/annonce-location-appartement-t1-lyon-1-69001-2434-028948-042/
EXCLUSIVITÉ par mois LOCATION Location Appartement 3 pièces 75 m2 Lyon 5- Saint-Irénée Message 2 cha,1 200 €,mbres Balcon Cave Bon état Meublé Ascenseur Favoris,https://www.orpi.com/annonce-location-appartement-t3-lyon-5-69005-596ba3b4-4379-49e8-aebf-aa24d056471d/
EXCLUSIVITÉ par mois LOCATION Location Appartement 3 pièces 72 m2 Lyon 5- Saint-Paul Message 2 chamb,1 467 €,res Bon état Meublé Etage : 4 Favoris,https://www.orpi.com/annonce-location-appartement-t3-lyon-5-69005-30aa5903-bd91-4121-bc17-b5a157aa1d6b/
EXCLUSIVITÉ par mois LOCATION Location Appartement 4 pièces 85 m2 Lyon 5- Ménival Message 3 chambres,1 355 €, Balcon Cave À rafraîchir Non meublé Ascenseur Favoris,https://www.orpi.com/annonce-location-appartement-t4-lyon-5-69005-d988f536-e216-412c-ad49-f8b2941f62bb/
EXCLUSIVITÉ par mois LOCATION Location Appartement 3 pièces 75 m2 Lyon 3- Grange Blanche Message 2 c,1 390 €,hambres Balcon Bon état Meublé Ascenseur Etage : 1 Favoris,https://www.orpi.com/annonce-location-appartement-t3-lyon-3-69003-6d08a6c6-f26b-4345-8b71-773f5dd66752/
EXCLUSIVITÉ par mois LOCATION Location Appartement 1 pièce 40 m2 Lyon 3- Villette Message Studio Bal,994 €,con Bon état Meublé Ascenseur Etage : 3 Favoris,https://www.orpi.com/annonce-location-appartement-t1-lyon-3-69003-0c919280-bd31-4fc6-924e-1b6682a898ee/
EXCLUSIVITÉ par mois LOCATION Location Appartement 3 pièces 68 m2 Lyon 3- Férrandière Message 2 cham,1 283 €,bres Balcon Cave Bon état Non meublé Etage : 4 Favoris,https://www.orpi.com/annonce-location-appartement-t3-lyon-3-69003-b9553abc-f4d8-4a65-a49c-e9c5b8bf8d0a/
EXCLUSIVITÉ VISITE VIRTUELLE par mois LOCATION Location Appartement 2 pièces 20 m2 Lyon 9- Gare de V,940 €,aise Message 1 chambre Parfait état Meublé Ascenseur Etage : 2 Favoris,https://www.orpi.com/annonce-location-appartement-t2-lyon-9-69009-092422fa-9544-4a8f-b74f-76abe53c43e2/
EXCLUSIVITÉ par mois LOCATION Location Appartement 1 pièce 10 m2 Lyon 7- Debourg Message 1 chambre B,502 €,alcon À rafraîchir Non meublé Ascenseur Rez-de-chaussée Favoris,https://www.orpi.com/annonce-location-appartement-t1-lyon-7-69007-d4405a0f-252a-4cdd-9a66-33ce7673ee3c/
par mois LOCATION Location Appartement 5 pièces 92 m2 Lyon 7- Debourg Message 5 chambres Balcon À ra,520 €,fraîchir Meublé Ascenseur Etage : 5 Favoris,https://www.orpi.com/annonce-location-appartement-t5-lyon-7-69007-94cb5c3c-4243-449b-9776-67016b02aee4/
EXCLUSIVITÉ par mois PRIX EN BAISSE LOCATION Location Stationnement Lyon 5- Saint-Irénée Message Fav,90 €,oris,https://www.orpi.com/annonce-location-stationnement-lyon-5-69005-019c987e-d6ba-47fc-b5d0-20384d7c3fde/
EXCLUSIVITÉ par mois LOCATION Location Appartement 3 pièces 63 m2 Lyon 3- Férrandière Message 2 cham,1 231 €,bres Balcon Bon état Meublé Ascenseur Etage : 1 Favoris,https://www.orpi.com/annonce-location-appartement-t3-lyon-3-69003-d2fe21f0-1d39-4ca9-934d-87e574706446/
EXCLUSIVITÉ par mois LOCATION Location Appartement 3 pièces 61 m2 Lyon 2- Perrache Message 2 chambre,1 313 €,s Balcon Bon état Meublé Ascenseur Etage : 1 Favoris,https://www.orpi.com/annonce-location-appartement-t3-lyon-2-69002-9ff65489-3174-4a45-905a-d696605408e2/
EXCLUSIVITÉ par mois LOCATION Location Appartement 3 pièces 98 m2 Lyon 5- Saint-Paul Message 2 chamb,1 590 €,res Terrasse Parfait état Meublé Etage : 3 Favoris,https://www.orpi.com/annonce-location-appartement-t3-lyon-5-69005-546d3d78-2ce1-4994-9eb0-a35d9d46f245/
EXCLUSIVITÉ par mois LOCATION Location Appartement 2 pièces 44 m2 Lyon 5- Fourvière Message 1 chambr,957 €,e Bon état Non meublé Ascenseur Etage : 2 Favoris,https://www.orpi.com/annonce-location-appartement-t2-lyon-5-69005-2af6d0d5-01ca-46cf-90c6-d2cb030d59ec/
EXCLUSIVITÉ VISITE VIRTUELLE par mois LOCATION Location Appartement 2 pièces 39 m2 Lyon 6- Foch Mess,741 €,age 1 chambre Bon état Non meublé Rez-de-chaussée Favoris,https://www.orpi.com/annonce-location-appartement-t2-lyon-6-69006-92c523e5-47d8-49a0-8b67-52e92a4407ba/
EXCLUSIVITÉ par mois LOCATION Location Appartement 1 pièce 22 m2 Lyon 3- Montchat Message Studio Bon,605 €, état Non meublé Etage : 2 Favoris,https://www.orpi.com/annonce-location-appartement-t1-lyon-3-69003-8a85c3fc-8f66-4e97-b94d-dc983efb95a9/
EXCLUSIVITÉ par mois LOCATION Location Appartement 1 pièce 21 m2 Lyon 7- Debourg Message Studio Bon ,609 €,état Meublé Rez-de-chaussée Favoris,https://www.orpi.com/annonce-location-appartement-t1-lyon-7-69007-2424-028948-052/
EXCLUSIVITÉ par mois LOCATION Location Appartement 1 pièce 35 m2 Lyon 3- Montchat Message Studio Bon,755 €, état Non meublé Etage : 2 Favoris,https://www.orpi.com/annonce-location-appartement-t1-lyon-3-69003-9abaa4f7-42fa-49a6-adf3-eee679e90938/
EXCLUSIVITÉ par mois LOCATION Location Appartement 4 pièces 116 m2 Lyon 5- Fourvière Message 3 chamb,1 964 €,res Bon état Meublé Ascenseur Etage : 1 Favoris,https://www.orpi.com/annonce-location-appartement-t4-lyon-5-69005-2c7a891b-2b4b-45b3-a9ff-dfeaae835d07/
EXCLUSIVITÉ par mois LOCATION Location Appartement 2 pièces 47 m2 Lyon 4- Quai de Saône Message 1 ch,859 €,ambre Bon état Non meublé Etage : 4 Favoris,https://www.orpi.com/annonce-location-appartement-t2-lyon-4-69004-97afe692-f74e-4ef5-8ab1-65e24caceb80/
EXCLUSIVITÉ par mois LOCATION Location Appartement 3 pièces 75 m2 Lyon 2- Confluence Message 2 chamb,1 850 €,res Balcon Bon état Meublé Ascenseur Etage : 7 Favoris,https://www.orpi.com/annonce-location-appartement-t3-lyon-2-69002-892ab353-6776-4cd7-8779-c0e109006eba/
EXCLUSIVITÉ par mois PRIX EN BAISSE LOCATION Location Appartement 4 pièces 109 m2 Lyon 1- Jardin des,2 140 €, Plantes Message 3 chambres Parfait état Meublé Ascenseur Etage : 5 Favoris,https://www.orpi.com/annonce-location-appartement-t4-lyon-1-69001-85f1d774-8099-44d3-bb80-0c008b07c64e/
EXCLUSIVITÉ par mois LOCATION Location Stationnement Lyon 3- Garibaldi Message Favoris,116 €,,https://www.orpi.com/annonce-location-stationnement-lyon-3-69003-0d4a88e5-4739-47d0-bf43-55ab5361c11e/
EXCLUSIVITÉ par mois LOCATION Location Appartement 2 pièces 46 m2 Lyon 7- Guillotière Message 1 cham,873 €,bre Terrasse À rafraîchir Non meublé Ascenseur Etage : 3 Favoris,https://www.orpi.com/annonce-location-appartement-t2-lyon-7-69007-ce3fc1b2-f7c0-44e0-b990-3bd8910fe754/
EXCLUSIVITÉ VISITE VIRTUELLE par mois PRIX EN BAISSE LOCATION Location Appartement 3 pièces 95 m2 Ly,1 800 €,on 6- Tête d'Or Message 2 chambres Cave Bon état Meublé Rez-de-chaussée Favoris,https://www.orpi.com/annonce-location-appartement-t3-lyon-6-69006-24bcac90-5b51-4f72-bc6e-06184629c69b/
EXCLUSIVITÉ par mois PRIX EN BAISSE LOCATION Location Appartement 2 pièces 57 m2 Lyon 5- Ménival Mes,870 €,sage 1 chambre Balcon Bon état Meublé Ascenseur Rez-de-chaussée Favoris,https://www.orpi.com/annonce-location-appartement-t2-lyon-5-69005-479976fc-d497-46b3-afa2-735087c7a48f/
EXCLUSIVITÉ par mois LOCATION Location Appartement 3 pièces 64 m2 Lyon 8- Moulin à Vent Message 2 ch,1 120 €,ambres Balcon Bon état Meublé Ascenseur Etage : 3 Favoris,https://www.orpi.com/annonce-location-appartement-t3-lyon-8-69008-70dc7ef3-12b6-4dc1-94b4-fa71fb3fde54/
EXCLUSIVITÉ VISITE VIRTUELLE par mois LOCATION Location Appartement 4 pièces 86 m2 Lyon 6- Foch Mess,1 630 €,age 3 chambres Cave Bon état Non meublé Ascenseur Etage : 5 Favoris,https://www.orpi.com/annonce-location-appartement-t4-lyon-6-69006-e4daecc4-97ce-472f-9f9a-237869aa8e47/
EXCLUSIVITÉ VISITE VIRTUELLE par mois LOCATION Location Appartement 2 pièces 63 m2 Lyon 6- Foch Mess,1 100 €,age 1 chambre Balcon Cave Bon état Meublé Ascenseur Favoris,https://www.orpi.com/annonce-location-appartement-t2-lyon-6-69006-474af757-0bf9-4045-b4c2-45a13e4005cd/
EXCLUSIVITÉ par mois PRIX EN BAISSE LOCATION Location Appartement 2 pièces 54 m2 Lyon 2- Confluence ,1 100 €,Message 1 chambre Balcon Terrasse Bon état Non meublé Ascenseur Favoris,https://www.orpi.com/annonce-location-appartement-t2-lyon-2-69002-f0bbc7de-b457-49aa-a57d-d34d9cbb4068/
EXCLUSIVITÉ par mois LOCATION Location Appartement 3 pièces 73 m2 Lyon 8- Moulin à Vent Message 2 ch,1 317 €,ambres Balcon Cave Bon état Meublé Ascenseur Favoris,https://www.orpi.com/annonce-location-appartement-t3-lyon-8-69008-f0ee91b1-a584-4b9a-b4ee-928b119452d7/
EXCLUSIVITÉ par mois LOCATION Location Appartement 2 pièces 49 m2 Lyon 8- Santy Message 1 chambre Bo,902 €,n état Meublé Ascenseur Rez-de-chaussée Favoris,https://www.orpi.com/annonce-location-appartement-t2-lyon-8-69008-43fcaf04-37f4-43e1-a0a5-251ab19f4c6e/
EXCLUSIVITÉ VISITE VIRTUELLE par mois LOCATION Location Appartement 2 pièces 59 m2 Lyon 1- Croix Rou,1 300 €,sse Message 1 chambre Balcon Bon état Meublé Etage : 5 Favoris,https://www.orpi.com/annonce-location-appartement-t2-lyon-1-69001-802f8077-8c82-4096-ab81-d03b6b98f1b1/
EXCLUSIVITÉ par mois LOCATION Location Appartement 2 pièces 54 m2 Lyon 5- Vieux Lyon Message 1 chamb,1 080 €,re Parfait état Meublé Etage : 3 Favoris,https://www.orpi.com/annonce-location-appartement-t2-lyon-5-69005-4d542d10-e2d8-4c73-81e3-352e10d942ae/
par mois LOCATION Location Stationnement 15 m2 Lyon 7- Debourg Message Ascenseur Favoris,95 €,,https://www.orpi.com/annonce-location-stationnement-lyon-7-69007-54ea3e8d-feeb-40d1-9e0a-00b9e116c58d/
EXCLUSIVITÉ par mois LOCATION Location Appartement 2 pièces 54 m2 Lyon 5- Saint-Georges Message 1 ch,1 100 €,ambre Parfait état Meublé Etage : 4 Favoris,https://www.orpi.com/annonce-location-appartement-t2-lyon-5-69005-e7441cc7-b9fb-4b0d-a825-808f84dbddb9/
EXCLUSIVITÉ par mois LOCATION Location Appartement 3 pièces 42 m2 Lyon 5- Saint-Georges Message 2 ch,1 299 €,ambres Bon état Meublé Ascenseur Etage : 2 Favoris,https://www.orpi.com/annonce-location-appartement-t3-lyon-5-69005-430c1733-385b-4fab-9e09-baaf560809a6/
EXCLUSIVITÉ par mois LOCATION Location Appartement 2 pièces 59 m2 Lyon 5- Saint-Just - Trion Message,975 €, 1 chambre Cave Bon état Non meublé Etage : 2 Favoris,https://www.orpi.com/annonce-location-appartement-t2-lyon-5-69005-fbf4b899-cd26-4d86-8e85-09898f5cea2a/
EXCLUSIVITÉ VISITE VIRTUELLE par mois LOCATION Location Appartement 3 pièces 59 m2 Lyon 9- Gare de V,900 €,aise Message 2 chambres Bon état Non meublé Ascenseur Etage : 2 Favoris,https://www.orpi.com/annonce-location-appartement-t3-lyon-9-69009-9138e643-001d-4c5b-bca6-5b563e5a6471/
EXCLUSIVITÉ VISITE VIRTUELLE par mois LOCATION Location Appartement 3 pièces 57 m2 Lyon 9- Valmy Mes,990 €,sage 2 chambres Parfait état Meublé Etage : 4 Favoris,https://www.orpi.com/annonce-location-appartement-t3-lyon-9-69009-553daa07-1067-49bf-bcb4-49d0eea028fa/
EXCLUSIVITÉ par mois LOCATION Location Appartement 3 pièces 72 m2 Lyon 7- Place Jean Jaurès Message ,987 €,2 chambres Balcon Bon état Non meublé Ascenseur Rez-de-chaussée Favoris,https://www.orpi.com/annonce-location-appartement-t3-lyon-7-69007-35-028082-297/
EXCLUSIVITÉ par mois LOCATION Location Appartement 2 pièces 48 m2 Lyon 3- Préfecture Message 1 chamb,990 €,re Balcon Bon état Meublé Etage : 1 Favoris,https://www.orpi.com/annonce-location-appartement-t2-lyon-3-69003-2453-028948-857/
EXCLUSIVITÉ VISITE VIRTUELLE par mois LOCATION Location Appartement 4 pièces 117 m2 Lyon 3- Lacassag,1 545 €,ne Message 3 chambres Terrasse Bon état Non meublé Rez-de-chaussée Favoris,https://www.orpi.com/annonce-location-appartement-t4-lyon-3-69003-958f2717-d61a-48e9-8ef4-d3ad26f836bf/
EXCLUSIVITÉ par mois LOCATION Location Appartement 1 pièce 16 m2 Lyon 9- Ile Barbe Message Studio Bo,420 €,n état Non meublé Etage : 1 Favoris,https://www.orpi.com/annonce-location-appartement-t1-lyon-9-69009-de5fa931-c08d-4dc0-b91e-10cf5e39afe6/
EXCLUSIVITÉ VISITE VIRTUELLE par mois LOCATION Location Appartement 3 pièces 99 m2 Lyon 6- Masséna M,2 150 €,essage 2 chambres Balcon Cave Bon état Meublé Ascenseur Favoris,https://www.orpi.com/annonce-location-appartement-t3-lyon-6-69006-cc1179ab-a48b-492a-a78f-f5ed9691060a/
EXCLUSIVITÉ par mois LOCATION Location Appartement 3 pièces 63 m2 Lyon 8- Bachut Message 2 chambres ,1 089 €,Terrasse Bon état Non meublé Ascenseur Etage : 4 Favoris,https://www.orpi.com/annonce-location-appartement-t3-lyon-8-69008-25e95ce5-3b06-4e63-81f0-eec307c81ef6/
EXCLUSIVITÉ par mois LOCATION Location Appartement 2 pièces 50 m2 Lyon 8- Bachut Message 1 chambre B,935 €,on état Non meublé Ascenseur Etage : 5 Favoris,https://www.orpi.com/annonce-location-appartement-t2-lyon-8-69008-121e932d-6bb8-4d70-b28e-bafcb0d632c1/
par mois LOCATION Location Appartement 3 pièces 80 m2 Lyon 5- Vieux Lyon Message 2 chambres Cave Bon,1 230 €, état Non meublé Rez-de-chaussée Favoris,https://www.orpi.com/annonce-location-appartement-t3-lyon-5-69005-39b7c9b3-03f3-4f71-b30d-0b9f498bfbc4/
EXCLUSIVITÉ VISITE VIRTUELLE par mois LOCATION Location Appartement 2 pièces 46 m2 Lyon 7- Garibaldi,1 100 €, Message 1 chambre Cave Parfait état Meublé Ascenseur Etage : 1 Favoris,https://www.orpi.com/annonce-location-appartement-t2-lyon-7-69007-bb404dbc-37ef-4b1c-95a6-8ac68c72f086/
par mois LOCATION Location Appartement 1 pièce 16 m2 Lyon 9- Ile Barbe Message Studio Parfait état M,470 €,eublé Rez-de-chaussée Favoris,https://www.orpi.com/annonce-location-appartement-t1-lyon-9-69009-c388768f-579b-493d-bb4a-0f618417a46e/
EXCLUSIVITÉ par mois LOCATION Location Stationnement 10 m2 Lyon 9- Valmy Message Portail électrique ,100 €,Favoris,https://www.orpi.com/annonce-location-stationnement-lyon-9-69009-7a78f0f2-8bbf-451f-a8c6-4617219c0990/
par mois PRIX EN BAISSE LOCATION Location Appartement 1 pièce 18 m2 Lyon 7- Guillotière Message Stud,622 €,io Bon état Meublé Ascenseur Etage : 6 Favoris,https://www.orpi.com/annonce-location-appartement-t1-lyon-7-69007-e5ccea48-b18c-4fbc-8e7d-141effba2255/
EXCLUSIVITÉ par mois LOCATION Location Appartement 2 pièces 83 m2 Lyon 6- Les Brotteaux Message 2 ch,1 763 €,ambres Bon état Non meublé Ascenseur Etage : 1 Favoris,https://www.orpi.com/annonce-location-appartement-t2-lyon-6-69006-4421c599-e310-4e0b-80da-1e5a11496e38/
EXCLUSIVITÉ par mois LOCATION Location Stationnement Lyon 8- Bachut Message Favoris,90 €,,https://www.orpi.com/annonce-location-stationnement-lyon-8-69008-1dbe878a-affc-4e87-811e-0f4bcbb8982b/
EXCLUSIVITÉ par mois LOCATION Location Stationnement Lyon 3- Sans Souci Message Favoris,85 €,,https://www.orpi.com/annonce-location-stationnement-lyon-3-69003-41d5f374-97b4-416d-8276-5a4cb5822647/
EXCLUSIVITÉ par mois LOCATION Location Appartement 1 pièce 45 m2 Lyon 9- Valmy Message 1 chambre Bon,827 €, état Meublé Etage : 1 Favoris,https://www.orpi.com/annonce-location-appartement-t1-lyon-9-69009-860cc16a-0b7d-4719-8de7-d9aa2b59b899/
par mois LOCATION Location Maison 7 pièces 166 m2 Lyon 3- Montchat Message 5 chambres Terrasse Cave ,3 000 €,Bon état Garage Non meublé Favoris,https://www.orpi.com/annonce-location-maison-t7-lyon-3-69003-3118b33b-ac49-4db9-bc02-ddfca34ac8cf/
par mois LOCATION Location Appartement 1 pièce 85 m2 Lyon 9- Gare de Vaise Message 1 chambre Cave Bo,550 €,n état Meublé Ascenseur Etage : 8 Favoris,https://www.orpi.com/annonce-location-appartement-t1-lyon-9-69009-50496b97-7b29-496d-8e7a-aa5682202d19/
par mois LOCATION Location Stationnement Lyon 3- Férrandière Message Favoris,59 €,,https://www.orpi.com/annonce-location-stationnement-lyon-3-69003-d234d276-4e57-4c24-a071-7edbe8a0f9df/
VISITE VIRTUELLE par mois LOCATION Location Maison 6 pièces 147 m2 Lyon 9- Champvert Message 5 chamb,2 580 €,res Balcon Terrasse Bon état Garage Non meublé Favoris,https://www.orpi.com/annonce-location-maison-t6-lyon-9-69009-f4364878-b5b6-4471-abd4-097d70722d8f/
EXCLUSIVITÉ par mois LOCATION Location Stationnement Lyon 8- Marius Berliet Message Carte magnétique,88 €, Favoris,https://www.orpi.com/annonce-location-stationnement-lyon-8-69008-f7568f86-c533-424a-9611-e4d8aeb21ac4/
par mois LOCATION Location Stationnement Lyon 7- Debourg Message Favoris,80 €,,https://www.orpi.com/annonce-location-stationnement-lyon-7-69007-4f5e442a-803c-4aed-aee9-0ec292177c22/
EXCLUSIVITÉ par mois LOCATION Location Stationnement Lyon 7- Debourg Message Favoris,100 €,,https://www.orpi.com/annonce-location-stationnement-lyon-7-69007-a4b37fe3-b942-4479-a157-6d07e810b973/
par mois LOCATION Location Stationnement Lyon 7- Place Jean Jaurès Message Favoris,148 €,,https://www.orpi.com/annonce-location-stationnement-lyon-7-69007-72a7c5ed-0525-4dd9-a663-e7cc5e9ef0d4/
EXCLUSIVITÉ par mois LOCATION Location Appartement 4 pièces 77 m2 Lyon 7- Debourg Message 3 chambres,1 840 €, Balcon Bon état Meublé Ascenseur Etage : 3 Favoris,https://www.orpi.com/annonce-location-appartement-t4-lyon-7-69007-1eeaead5-8b91-471d-b1d4-c2afcb5ef9fe/
EXCLUSIVITÉ VISITE VIRTUELLE par mois PRIX EN BAISSE LOCATION Location Appartement 4 pièces 92 m2 Ly,1 400 €,on 7- Garibaldi Message 3 chambres Bon état Non meublé Ascenseur Etage : 7 Favoris,https://www.orpi.com/annonce-location-appartement-t4-lyon-7-69007-da09702a-d0a6-46f1-9348-bdad51411c3a/
EXCLUSIVITÉ par mois LOCATION Location Appartement 2 pièces 53 m2 Lyon 7- Debourg Message 1 chambre ,809 €,Bon état Meublé Etage : 1 Favoris,https://www.orpi.com/annonce-location-appartement-t2-lyon-7-69007-eb34fdb8-33a2-44b5-a728-5ac849da3f17/
EXCLUSIVITÉ par mois LOCATION Location Appartement 3 pièces 66 m2 Lyon 7- Debourg Message 2 chambres,1 387 €, Balcon Bon état Meublé Ascenseur Rez-de-chaussée Favoris,https://www.orpi.com/annonce-location-appartement-t3-lyon-7-69007-37a91129-243d-4614-bd3a-d4ce37c11615/
EXCLUSIVITÉ par mois LOCATION Location Appartement 3 pièces 86 m2 Lyon 7- Debourg Message 3 chambres,1 433 €, Balcon Terrasse À rafraîchir Non meublé Ascenseur Favoris,https://www.orpi.com/annonce-location-appartement-t3-lyon-7-69007-0079ca6a-5085-467e-a7dd-045187c95a7e/
EXCLUSIVITÉ VISITE VIRTUELLE par mois LOCATION Location Appartement 4 pièces 81 m2 Lyon 9- La Duchèr,1 350 €,e Message 2 chambres Balcon Cave Bon état Exposition : Sud Non meublé Favoris,https://www.orpi.com/annonce-location-appartement-t4-lyon-9-69009-87559fae-fd4d-4333-9603-01331ca974e8/
EXCLUSIVITÉ VISITE VIRTUELLE par mois LOCATION Location Appartement 2 pièces 50 m2 Lyon 6- Foch Mess,1 950 €,age 1 chambre Balcon Cave Bon état Non meublé Ascenseur Favoris,https://www.orpi.com/annonce-location-appartement-t2-lyon-6-69006-e919fdb0-5de5-4f7f-b755-7fe86f29b72f/
EXCLUSIVITÉ par mois LOCATION Location Stationnement Lyon 3- Villette Message Favoris,97 €,,https://www.orpi.com/annonce-location-stationnement-lyon-3-69003-a6809c51-6da5-4f87-9d36-85f2a332162b/
EXCLUSIVITÉ par mois LOCATION Location Stationnement 14 m2 Lyon 7- Garibaldi Message Favoris,100 €,,https://www.orpi.com/annonce-location-stationnement-lyon-7-69007-3228-028004-190/
EXCLUSIVITÉ VISITE VIRTUELLE par mois LOCATION Location Appartement 4 pièces 180 m2 Lyon 5- Vieux Ly,2 250 €,on Message 3 chambres Cave Bon état Non meublé Etage : 1 Favoris,https://www.orpi.com/annonce-location-appartement-t4-lyon-5-69005-83f755c7-66f2-420b-a513-05b2db60b833/
