Titre,Prix,Lien
Appartement 55 m2 Lyon 9,980 € CC*,https://www.paruvendu.fr/immobilier/location/appartement/1287729891A1KILHAP000
Appartement 50 m2 Lyon 9,855 € CC*,https://www.paruvendu.fr/immobilier/location/appartement/1287099967A1KILHAP000
Appartement 19 m2 Lyon 9,680 € CC*,https://www.paruvendu.fr/immobilier/location/appartement/1286954596A1KILHAP000
Appartement 63 m2 Lyon 4,1 550 € CC*,https://www.paruvendu.fr/immobilier/location/appartement/1287729534A1KILHAP000
Appartement 18 m2 Lyon 8,550 € CC*,https://www.paruvendu.fr/immobilier/location/appartement/1287089582A1KILHAP000
Appartement 102 m2 Lyon 2,1 448 € CC*,https://www.paruvendu.fr/immobilier/location/appartement/1286862341A1KILHAP000
Appartement 61 m2 Lyon 1,1 020 € CC*,https://www.paruvendu.fr/immobilier/location/appartement/1286143744A1KILHAP000
Appartement 25 m2 Lyon 5,519 € CC*,https://www.paruvendu.fr/immobilier/location/appartement/1287715579A1KILHAP000
Appartement 56 m2 Lyon 2,1 100 € CC*,https://www.paruvendu.fr/immobilier/location/appartement/1287713597A1KILHAP000
Appartement 47 m2 Lyon 3,1 460 € CC*,https://www.paruvendu.fr/immobilier/location/appartement/1287711072A1KILHAP000
Appartement 79 m2 Lyon 7,1 105 € CC*,https://www.paruvendu.fr/immobilier/location/appartement/1287271939A1KILHAP000
Appartement 29 m2 Lyon 1,628 € CC*,https://www.paruvendu.fr/immobilier/location/appartement/1287706862A1KILHAP000
Appartement 45 m2 Lyon 7,900 € CC*,https://www.paruvendu.fr/immobilier/location/appartement/1287706831A1KILHAP000
Appartement 71 m2 Lyon 2,1 103 € CC*,https://www.paruvendu.fr/immobilier/location/appartement/1287706193A1KILHAP000
Appartement 58 m2 Lyon 8,955 € CC*,https://www.paruvendu.fr/immobilier/location/appartement/1287706182A1KILHAP000
Appartement 53 m2 Lyon 8,874 € CC*,https://www.paruvendu.fr/immobilier/location/appartement/1287706181A1KILHAP000
Appartement 29 m2 Lyon 9,583 € CC*,https://www.paruvendu.fr/immobilier/location/appartement/1287706180A1KILHAP000
Appartement 46 m2 Lyon 3,781 € CC*,https://www.paruvendu.fr/immobilier/location/appartement/1287338480A1KILHAP000
Appartement 28 m2 Lyon 8,541 € CC*,https://www.paruvendu.fr/immobilier/location/appartement/1287705954A1KILHAP000
Appartement 79 m2 Lyon 8,1 350 € CC*,https://www.paruvendu.fr/immobilier/location/appartement/1287705786A1KILHAP000
Appartement 63 m2 Lyon 3,900 € CC*,https://www.paruvendu.fr/immobilier/location/appartement/1286403113A1KILHAP000
Appartement 30 m2 Lyon 6,880 € CC*,https://www.paruvendu.fr/immobilier/location/appartement/1287704241A1KILHAP000
Appartement 130 m2 Lyon 1,2 525 € CC*,https://www.paruvendu.fr/immobilier/location/appartement/1287704242A1KILHAP000
Appartement 88 m2 Lyon 6,1 860 € CC*,https://www.paruvendu.fr/immobilier/location/appartement/1287704243A1KILHAP000
Appartement 63 m2 Lyon 5,480 € CC*,https://www.paruvendu.fr/immobilier/location/appartement/1286268102A1KILHAP000
Appartement 80 m2 Lyon 7,535 € CC*,https://www.paruvendu.fr/immobilier/location/appartement/1287202920A1KILHAP000
Appartement 80 m2 Lyon 8,550 € CC*,https://www.paruvendu.fr/immobilier/location/appartement/1286548885A1KILHAP000
Appartement 51 m2 Lyon 9,1 190 € CC*,https://www.paruvendu.fr/immobilier/location/appartement/1286864605A1KILHAP000
Appartement 54 m2 Lyon 1,1 087 € CC*,https://www.paruvendu.fr/immobilier/location/appartement/1287702987A1KILHAP000
Appartement 67 m2 Lyon 7,841 € CC*,https://www.paruvendu.fr/immobilier/location/appartement/1287089588A1KILHAP000
Appartement 62 m2 Lyon 6,1 710 € CC*,https://www.paruvendu.fr/immobilier/location/appartement/1287130069A1KILHAP000
Appartement 159 m2 Lyon 1,2 760 € CC*,https://www.paruvendu.fr/immobilier/location/appartement/1286898819A1KILHAP000
Appartement 73 m2 Lyon 3,1 151 € CC*,https://www.paruvendu.fr/immobilier/location/appartement/1286274592A1KILHAP000
Appartement 53 m2 Lyon 9,858 € CC*,https://www.paruvendu.fr/immobilier/location/appartement/1286297389A1KILHAP000
Appartement 46 m2 Lyon 9,1 350 € CC*,https://www.paruvendu.fr/immobilier/location/appartement/1287690924A1KILHAP000
Appartement 52 m2 Lyon 2,1 270 € CC*,https://www.paruvendu.fr/immobilier/location/appartement/1287690793A1KILHAP000
Appartement 47 m2 Lyon 6,1 008 € CC*,https://www.paruvendu.fr/immobilier/location/appartement/1287688862A1KILHAP000
Appartement 63 m2 Lyon 5,835 € CC*,https://www.paruvendu.fr/immobilier/location/appartement/1287683163A1KILHAP000
Appartement 83 m2 Lyon 3,1 490 € CC*,https://www.paruvendu.fr/immobilier/location/appartement/1287682689A1KILHAP000
Appartement 52 m2 Lyon 2,1 270 € CC*,https://www.paruvendu.fr/immobilier/location/appartement/1266862801A1KILHAP000
Chambre 70 m2 Lyon 8,600 € CC*,https://www.paruvendu.fr/immobilier/location/chambre/1287180734A1KILHCM000
Appartement 66 m2 Lyon 4,946 € CC*,https://www.paruvendu.fr/immobilier/location/appartement/1287229448A1KILHAP000
Appartement 66 m2 Lyon 5,1 250 € CC*,https://www.paruvendu.fr/immobilier/location/appartement/1287680187A1KILHAP000
Appartement 54 m2 Lyon 2,1 297 € CC*,https://www.paruvendu.fr/immobilier/location/appartement/1286320216A1KILHAP000
Appartement 70 m2 Lyon 8,1 077 € CC*,https://www.paruvendu.fr/immobilier/location/appartement/1287512326A1KILHAP000
Appartement 48 m2 Lyon 7,849 € CC*,https://www.paruvendu.fr/immobilier/location/appartement/1286814102A1KILHAP000
Appartement 108 m2 Lyon 6,1 639 € CC*,https://www.paruvendu.fr/immobilier/location/appartement/1287112194A1KILHAP000
Appartement 18 m2 Lyon 7,630 € CC*,https://www.paruvendu.fr/immobilier/location/appartement/1287488096A1KILHAP000
Appartement 96 m2 Lyon 4,1 930 € CC*,https://www.paruvendu.fr/immobilier/location/appartement/1287112196A1KILHAP000
Appartement 21 m2 Lyon 6,570 € CC*,https://www.paruvendu.fr/immobilier/location/appartement/1287672243A1KILHAP000
Appartement 44 m2 Lyon 3,543 € CC*,https://www.paruvendu.fr/immobilier/location/appartement/1287672144A1KILHAP000
Appartement 61 m2 Lyon 1,1 150 € CC*,https://www.paruvendu.fr/immobilier/location/appartement/1287670722A1KILHAP000
Appartement 28 m2 Lyon 5,710 € CC*,https://www.paruvendu.fr/immobilier/location/appartement/1286209569A1KILHAP000
Appartement 49 m2 Lyon 8,710 € CC*,https://www.paruvendu.fr/immobilier/location/appartement/1287272136A1KILHAP000
Appartement 65 m2 Lyon 3,1 143 € CC*,https://www.paruvendu.fr/immobilier/location/appartement/1287488099A1KILHAP000
Appartement 27 m2 Lyon 5,710 € CC*,https://www.paruvendu.fr/immobilier/location/appartement/1287473630A1KILHAP000
Appartement 24 m2 Lyon 3,435 € CC*,https://www.paruvendu.fr/immobilier/location/appartement/1286514283A1KILHAP000
Appartement 47 m2 Lyon 4,1 147 € CC*,https://www.paruvendu.fr/immobilier/location/appartement/1287664573A1KILHAP000
Appartement 40 m2 Lyon 6,690 € CC*,https://www.paruvendu.fr/immobilier/location/appartement/1287664566A1KILHAP000
Appartement 72 m2 Lyon 5,1 130 € CC*,https://www.paruvendu.fr/immobilier/location/appartement/1287651103A1KILHAP000
Appartement 69 m2 Lyon 8,550 € CC*,https://www.paruvendu.fr/immobilier/location/appartement/1287650646A1KILHAP000
Appartement 87 m2 Lyon 2,1 690 € CC*,https://www.paruvendu.fr/immobilier/location/appartement/1287488112A1KILHAP000
Appartement 21 m2 Lyon 2,712 € CC*,https://www.paruvendu.fr/immobilier/location/appartement/1287650548A1KILHAP000
Appartement 95 m2 Lyon 3,1 479 € CC*,https://www.paruvendu.fr/immobilier/location/appartement/1287089581A1KILHAP000
Appartement 26 m2 Lyon 4,810 € CC*,https://www.paruvendu.fr/immobilier/location/appartement/1287488102A1KILHAP000
Appartement 29 m2 Lyon 3,724 € CC*,https://www.paruvendu.fr/immobilier/location/appartement/1286729461A1KILHAP000
Appartement 50 m2 Lyon 1,1 211 € CC*,https://www.paruvendu.fr/immobilier/location/appartement/1287512346A1KILHAP000
Appartement 54 m2 Lyon 2,910 € CC*,https://www.paruvendu.fr/immobilier/location/appartement/1286626386A1KILHAP000
Appartement 170 m2 Lyon 3,2 516 € CC*,https://www.paruvendu.fr/immobilier/location/appartement/1287089185A1KILHAP000
Appartement 19 m2 Lyon 2,610 € CC*,https://www.paruvendu.fr/immobilier/location/appartement/1286813536A1KILHAP000
Appartement 19 m2 Lyon 9,453 € CC*,https://www.paruvendu.fr/immobilier/location/appartement/1287473618A1KILHAP000
Appartement 65 m2 Lyon 3,1 131 € CC*,https://www.paruvendu.fr/immobilier/location/appartement/1287253357A1KILHAP000
Appartement 108 m2 Lyon 2,1 694 € CC*,https://www.paruvendu.fr/immobilier/location/appartement/1286209605A1KILHAP000
Appartement 77 m2 Lyon 6,1 246 € CC*,https://www.paruvendu.fr/immobilier/location/appartement/1287473617A1KILHAP000
Appartement 66 m2 Lyon 6,1 476 € CC*,https://www.paruvendu.fr/immobilier/location/appartement/1287253355A1KILHAP000
Appartement 127 m2 Lyon 4,1 308 € CC*,https://www.paruvendu.fr/immobilier/location/appartement/1286995187A1KILHAP000
Appartement 48 m2 Lyon 7,843 € CC*,https://www.paruvendu.fr/immobilier/location/appartement/1287253353A1KILHAP000
Appartement 102 m2 Lyon 2,4 000 € CC*,https://www.paruvendu.fr/immobilier/location/appartement/1286209535A1KILHAP000
Appartement 36 m2 Lyon 2,736 € CC*,https://www.paruvendu.fr/immobilier/location/appartement/1287253354A1KILHAP000
Appartement 43 m2 Lyon 8,900 € CC*,https://www.paruvendu.fr/immobilier/location/appartement/1287641844A1KILHAP000
Appartement 14 m2 Lyon 8,453 € CC*,https://www.paruvendu.fr/immobilier/location/appartement/1287641820A1KILHAP000
Appartement 76 m2 Lyon 8,1 250 € CC*,https://www.paruvendu.fr/immobilier/location/appartement/1287465380A1KILHAP000
Appartement 75 m2 Lyon 6,1 250 € CC*,https://www.paruvendu.fr/immobilier/location/appartement/1287636201A1KILHAP000
Appartement 45 m2 Lyon 1,1 095 € CC*,https://www.paruvendu.fr/immobilier/location/appartement/1287636199A1KILHAP000
Appartement 54 m2 Lyon 6,1 494 € CC*,https://www.paruvendu.fr/immobilier/location/appartement/1287635302A1KILHAP000
Appartement 84 m2 Lyon 9,1 022 € CC*,https://www.paruvendu.fr/immobilier/location/appartement/1286813535A1KILHAP000
Appartement 57 m2 Lyon 7,1 035 € CC*,https://www.paruvendu.fr/immobilier/location/appartement/1287253360A1KILHAP000
Appartement 33 m2 Lyon 8,768 € CC*,https://www.paruvendu.fr/immobilier/location/appartement/1286814101A1KILHAP000
Appartement 128 m2 Lyon 1,2 014 € CC*,https://www.paruvendu.fr/immobilier/location/appartement/1286003942A1KILHAP000
Appartement 71 m2 Lyon 3,1 980 € CC*,https://www.paruvendu.fr/immobilier/location/appartement/1287620638A1KILHAP000
Appartement 75 m2 Lyon 8,960 € CC*,https://www.paruvendu.fr/immobilier/location/appartement/1286225325A1KILHAP000
Appartement 68 m2 Lyon 8,992 € CC*,https://www.paruvendu.fr/immobilier/location/appartement/1287619919A1KILHAP000
Appartement 50 m2 Lyon 3,748 € CC*,https://www.paruvendu.fr/immobilier/location/appartement/1287619918A1KILHAP000
Appartement 59 m2 Lyon 1,892 € CC*,https://www.paruvendu.fr/immobilier/location/appartement/1287619916A1KILHAP000
Appartement 55 m2 Lyon 7,850 € CC*,https://www.paruvendu.fr/immobilier/location/appartement/1286995199A1KILHAP000
Appartement 29 m2 Lyon 1,681 € CC*,https://www.paruvendu.fr/immobilier/location/appartement/1286411637A1KILHAP000
Appartement 28 m2 Lyon 3,620 € CC*,https://www.paruvendu.fr/immobilier/location/appartement/1282739554A1KILHAP000
Appartement 65 m2 Lyon 6,1 450 € CC*,https://www.paruvendu.fr/immobilier/location/appartement/1287605889A1KILHAP000
Appartement 64 m2 Lyon 8,1 147 € CC*,https://www.paruvendu.fr/immobilier/location/appartement/1287601625A1KILHAP000
Appartement 30 m2 Lyon 8,807 € CC*,https://www.paruvendu.fr/immobilier/location/appartement/1287600571A1KILHAP000
Appartement 49 m2 Lyon 8,834 € CC*,https://www.paruvendu.fr/immobilier/location/appartement/1287600569A1KILHAP000
Appartement 55 m2 Lyon 4,873 € CC*,https://www.paruvendu.fr/immobilier/location/appartement/1287600229A1KILHAP000
Appartement 101 m2 Lyon 8,1 555 € CC*,https://www.paruvendu.fr/immobilier/location/appartement/1287600228A1KILHAP000
Appartement 30 m2 Lyon 3,750 € CC*,https://www.paruvendu.fr/immobilier/location/appartement/1286994787A1KILHAP000
Appartement 63 m2 Lyon 8,1 074 € CC*,https://www.paruvendu.fr/immobilier/location/appartement/1286995190A1KILHAP000
Appartement 89 m2 Lyon 1,1 700 € CC*,https://www.paruvendu.fr/immobilier/location/appartement/1287203248A1KILHAP000
Appartement 54 m2 Lyon 8,1 100 € CC*,https://www.paruvendu.fr/immobilier/location/appartement/1286971093A1KILHAP000
Appartement 69 m2 Lyon 3,1 696 € CC*,https://www.paruvendu.fr/immobilier/location/appartement/1286004057A1KILHAP000
Appartement 92 m2 Lyon 1,1 631 € CC*,https://www.paruvendu.fr/immobilier/location/appartement/1287585991A1KILHAP000
Appartement 50 m2 Lyon 8,1 100 € CC*,https://www.paruvendu.fr/immobilier/location/appartement/1287585973A1KILHAP000
Appartement 60 m2 Lyon 5,935 € CC*,https://www.paruvendu.fr/immobilier/location/appartement/1287584567A1KILHAP000
Appartement 20 m2 Lyon 2,649 € CC*,https://www.paruvendu.fr/immobilier/location/appartement/1287257770A1KILHAP000
Appartement 24 m2 Lyon 1,600 € CC*,https://www.paruvendu.fr/immobilier/location/appartement/1287577539A1KILHAP000
Appartement 31 m2 Lyon 7,664 € CC*,https://www.paruvendu.fr/immobilier/location/appartement/1287577409A1KILHAP000
Appartement 107 m2 Lyon 4,1 898 € CC*,https://www.paruvendu.fr/immobilier/location/appartement/1287574829A1KILHAP000
Appartement 79 m2 Lyon 8,480 € CC*,https://www.paruvendu.fr/immobilier/location/appartement/1287574830A1KILHAP000
Appartement 92 m2 Lyon 1,2 100 € CC*,https://www.paruvendu.fr/immobilier/location/appartement/1287399659A1KILHAP000
Appartement 31 m2 Lyon 8,580 € CC*,https://www.paruvendu.fr/immobilier/location/appartement/1287399674A1KILHAP000
Appartement 37 m2 Lyon 1,820 € CC*,https://www.paruvendu.fr/immobilier/location/appartement/1287262740A1KILHAP000
Appartement 57 m2 Lyon 7,1 005 € CC*,https://www.paruvendu.fr/immobilier/location/appartement/1287112016A1KILHAP000
Appartement 58 m2 Lyon 8,955 € CC*,https://www.paruvendu.fr/immobilier/location/appartement/1287556200A1KILHAP000
Appartement 25 m2 Lyon 6,610 € CC*,https://www.paruvendu.fr/immobilier/location/appartement/1287556199A1KILHAP000
Appartement 49 m2 Lyon 3,830 € CC*,https://www.paruvendu.fr/immobilier/location/appartement/1287552976A1KILHAP000
Appartement 30 m2 Lyon 7,788 € CC*,https://www.paruvendu.fr/immobilier/location/appartement/1286932949A1KILHAP000
Appartement 64 m2 Lyon 8,1 029 € CC*,https://www.paruvendu.fr/immobilier/location/appartement/1286971095A1KILHAP000
Appartement 125 m2 Lyon 2,1 433 € CC*,https://www.paruvendu.fr/immobilier/location/appartement/1287154349A1KILHAP000
Appartement 48 m2 Lyon 7,749 € CC*,https://www.paruvendu.fr/immobilier/location/appartement/1287381608A1KILHAP000
Appartement 21 m2 Lyon 3,420 € CC*,https://www.paruvendu.fr/immobilier/location/appartement/1287154348A1KILHAP000
Appartement 52 m2 Lyon 7,818 € CC*,https://www.paruvendu.fr/immobilier/location/appartement/1287154347A1KILHAP000
Appartement 40 m2 Lyon 8,782 € CC*,https://www.paruvendu.fr/immobilier/location/appartement/1287381603A1KILHAP000
Appartement 32 m2 Lyon 7,795 € CC*,https://www.paruvendu.fr/immobilier/location/appartement/1287547679A1KILHAP000
Appartement 56 m2 Lyon 3,1 005 € CC*,https://www.paruvendu.fr/immobilier/location/appartement/1286954523A1KILHAP000
Appartement 57 m2 Lyon 7,995 € CC*,https://www.paruvendu.fr/immobilier/location/appartement/1287360897A1KILHAP000
Appartement 74 m2 Lyon 6,1 332 € CC*,https://www.paruvendu.fr/immobilier/location/appartement/1287396648A1KILHAP000
Appartement 61 m2 Lyon 8,1 285 € CC*,https://www.paruvendu.fr/immobilier/location/appartement/1287535014A1KILHAP000
Appartement 100 m2 Lyon 6,1 871 € CC*,https://www.paruvendu.fr/immobilier/location/appartement/1287298721A1KILHAP000
Appartement 50 m2 Lyon 8,850 € CC*,https://www.paruvendu.fr/immobilier/location/appartement/1287532582A1KILHAP000
Appartement 46 m2 Lyon 3,662 € CC*,https://www.paruvendu.fr/immobilier/location/appartement/1287338478A1KILHAP000
Appartement 51 m2 Lyon 3,987 € CC*,https://www.paruvendu.fr/immobilier/location/appartement/1287338479A1KILHAP000
Appartement 57 m2 Lyon 8,1 090 € CC*,https://www.paruvendu.fr/immobilier/location/appartement/1287526570A1KILHAP000
Appartement 214 m2 Lyon 9,2 995 € CC*,https://www.paruvendu.fr/immobilier/location/appartement/1287526181A1KILHAP000
Appartement 70 m2 Lyon 2,1 070 € CC*,https://www.paruvendu.fr/immobilier/location/appartement/1287525640A1KILHAP000
Appartement 48 m2 Lyon 3,1 175 € CC*,https://www.paruvendu.fr/immobilier/location/appartement/1287121956A1KILHAP000
Appartement 53 m2 Lyon 2,1 250 € CC*,https://www.paruvendu.fr/immobilier/location/appartement/1287169499A1KILHAP000
Appartement 29 m2 Lyon 3,724 € CC*,https://www.paruvendu.fr/immobilier/location/appartement/1287282016A1KILHAP000
Appartement 49 m2 Lyon 3,830 € CC*,https://www.paruvendu.fr/immobilier/location/appartement/1286277675A1KILHAP000
Appartement 34 m2 Lyon 1,802 € CC*,https://www.paruvendu.fr/immobilier/location/appartement/1287486772A1KILHAP000
Appartement 50 m2 Lyon 4,1 600 € CC*,https://www.paruvendu.fr/immobilier/location/appartement/1287209479A1KILHAP000
Appartement 76 m2 Lyon 2,1 298 € CC*,https://www.paruvendu.fr/immobilier/location/appartement/1286217856A1KILHAP000
Appartement 45 m2 Lyon 3,880 € CC*,https://www.paruvendu.fr/immobilier/location/appartement/1287400516A1KILHAP000
Appartement 115 m2 Lyon 9,1 950 € CC*,https://www.paruvendu.fr/immobilier/location/appartement/1287364085A1KILHAP000
Appartement 61 m2 Lyon 6,2 250 € CC*,https://www.paruvendu.fr/immobilier/location/appartement/1286107719A1KILHAP000
Appartement 92 m2 Lyon 1,1 646 € CC*,https://www.paruvendu.fr/immobilier/location/appartement/1287346107A1KILHAP000
Appartement 49 m2 Lyon 7,930 € CC*,https://www.paruvendu.fr/immobilier/location/appartement/1287345924A1KILHAP000
Appartement 64 m2 Lyon 7,1 200 € CC*,https://www.paruvendu.fr/immobilier/location/appartement/1287342302A1KILHAP000
Maison 274 m2 Lyon 9,3 950 € CC*,https://www.paruvendu.fr/immobilier/location/maison/1287291296A1KILHMN000
Appartement 17 m2 Lyon 2,530 € CC*,https://www.paruvendu.fr/immobilier/location/appartement/1287280505A1KILHAP000
Appartement 67 m2 Lyon 1,1 200 € CC*,https://www.paruvendu.fr/immobilier/location/appartement/1287262972A1KILHAP000
Appartement 29 m2 Lyon 8,850 € CC*,https://www.paruvendu.fr/immobilier/location/appartement/1287262880A1KILHAP000
Appartement 48 m2 Lyon 6,1 190 € CC*,https://www.paruvendu.fr/immobilier/location/appartement/1287262751A1KILHAP000
Appartement 42 m2 Lyon 1,1 100 € CC*,https://www.paruvendu.fr/immobilier/location/appartement/1287262655A1KILHAP000
Appartement 50 m2 Lyon 3,1 060 € CC*,https://www.paruvendu.fr/immobilier/location/appartement/1287262607A1KILHAP000
Appartement 115 m2 Lyon 9,1 290 € CC*,https://www.paruvendu.fr/immobilier/location/appartement/1287262383A1KILHAP000
Appartement 75 m2 Lyon 2,1 321 € CC*,https://www.paruvendu.fr/immobilier/location/appartement/1284703428A1KILHAP000
Appartement 41 m2 Lyon 4,822 € CC*,https://www.paruvendu.fr/immobilier/location/appartement/1287237957A1KILHAP000
Appartement 26 m2 Lyon 9,920 € CC*,https://www.paruvendu.fr/immobilier/location/appartement/1287189245A1KILHAP000
Appartement 27 m2 Lyon 6,950 € CC*,https://www.paruvendu.fr/immobilier/location/appartement/1287262680A1KILHAP000
Appartement 65 m2 Lyon 7,905 € CC*,https://www.paruvendu.fr/immobilier/location/appartement/1287181345A1KILHAP000
Appartement 19 m2 Lyon 8,1 200 € CC*,https://www.paruvendu.fr/immobilier/location/appartement/1287262705A1KILHAP000
Loft 55 m2 Lyon 9,1 300 € CC*,https://www.paruvendu.fr/immobilier/location/loft/1287254385A1KILHLT000
Appartement 55 m2 Lyon 8,1 165 € CC*,https://www.paruvendu.fr/immobilier/location/appartement/1287262727A1KILHAP000
Appartement 38 m2 Lyon 3,1 065 € CC*,https://www.paruvendu.fr/immobilier/location/appartement/1287262950A1KILHAP000
Appartement 77 m2 Lyon 1,700 € CC*,https://www.paruvendu.fr/immobilier/location/appartement/1287138866A1KILHAP000
Appartement 74 m2 Lyon 9,1 000 € CC*,https://www.paruvendu.fr/immobilier/location/appartement/1287124066A1KILHAP000
Appartement 60 m2 Lyon 3,1 120 € CC*,https://www.paruvendu.fr/immobilier/location/appartement/1287112329A1KILHAP000
Appartement 61 m2 Lyon 4,1 515 € CC*,https://www.paruvendu.fr/immobilier/location/appartement/1287098680A1KILHAP000
Appartement 30 m2 Lyon 5,950 € CC*,https://www.paruvendu.fr/immobilier/location/appartement/1287262917A1KILHAP000
Appartement 87 m2 Lyon 5,400 € CC*,https://www.paruvendu.fr/immobilier/location/appartement/1287262729A1KILHAP000
Appartement 46 m2 Lyon 7,820 € CC*,https://www.paruvendu.fr/immobilier/location/appartement/1287262961A1KILHAP000
Appartement 43 m2 Lyon 7,925 € CC*,https://www.paruvendu.fr/immobilier/location/appartement/1286980012A1KILHAP000
Appartement 68 m2 Lyon 7,1 070 € CC*,https://www.paruvendu.fr/immobilier/location/appartement/1286723074A1KILHAP000
Appartement 70 m2 Lyon 8,1 090 € CC*,https://www.paruvendu.fr/immobilier/location/appartement/1286933651A1KILHAP000
Appartement 44 m2 Lyon 9,790 € CC*,https://www.paruvendu.fr/immobilier/location/appartement/1287262707A1KILHAP000
Appartement 60 m2 Lyon 3,1 100 € CC*,https://www.paruvendu.fr/immobilier/location/appartement/1287262519A1KILHAP000
Appartement 56 m2 Lyon 8,1 061 € CC*,https://www.paruvendu.fr/immobilier/location/appartement/1287262830A1KILHAP000
Appartement 85 m2 Lyon 8,1 350 € CC*,https://www.paruvendu.fr/immobilier/location/appartement/1286876735A1KILHAP000
Appartement 71 m2 Lyon 3,1 295 € CC*,https://www.paruvendu.fr/immobilier/location/appartement/1287183745A1KILHAP000
Appartement 103 m2 Lyon 5,1 675 € CC*,https://www.paruvendu.fr/immobilier/location/appartement/1285616590A1KILHAP000
Appartement 69 m2 Lyon 8,1 110 € CC*,https://www.paruvendu.fr/immobilier/location/appartement/1287262643A1KILHAP000
Maison 166 m2 Lyon 3,3 000 € CC*,https://www.paruvendu.fr/immobilier/location/maison/1286817547A1KILHMN000
Appartement 35 m2 Lyon 7,845 € CC*,https://www.paruvendu.fr/immobilier/location/appartement/1287262757A1KILHAP000
Appartement 48 m2 Lyon 4,1 675 € CC*,https://www.paruvendu.fr/immobilier/location/appartement/1286802896A1KILHAP000
Appartement 111 m2 Lyon 4,2 150 € CC*,https://www.paruvendu.fr/immobilier/location/appartement/1286796139A1KILHAP000
Appartement 77 m2 Lyon 4,1 775 € CC*,https://www.paruvendu.fr/immobilier/location/appartement/1286802898A1KILHAP000
Appartement 71 m2 Lyon 7,1 390 € CC*,https://www.paruvendu.fr/immobilier/location/appartement/1286643582A1KILHAP000
Duplex/triplex 125 m2 Lyon 4,4 590 € CC*,https://www.paruvendu.fr/immobilier/location/duplex-triplex/1286802897A1KILHDU000
Appartement 67 m2 Lyon 9,1 290 € CC*,https://www.paruvendu.fr/immobilier/location/appartement/1286616489A1KILHAP000
Appartement 77 m2 Lyon 8,1 300 € CC*,https://www.paruvendu.fr/immobilier/location/appartement/1286376501A1KILHAP000
Appartement 95 m2 Lyon 7,1 650 € CC*,https://www.paruvendu.fr/immobilier/location/appartement/1286361381A1KILHAP000
Appartement 43 m2 Lyon 4,850 € CC*,https://www.paruvendu.fr/immobilier/location/appartement/1286248772A1KILHAP000
Appartement 80 m2 Lyon 5,1 417 € CC*,https://www.paruvendu.fr/immobilier/location/appartement/1286071779A1KILHAP000
Appartement 149 m2 Lyon 1,1 999 € CC*,https://www.paruvendu.fr/immobilier/location/appartement/1285973345A1KILHAP000
Duplex/triplex 130 m2 Lyon 1,1 995 € CC*,https://www.paruvendu.fr/immobilier/location/duplex-triplex/1285787551A1KILHDU000
Appartement 60 m2 Lyon 3,1 060 € CC*,https://www.paruvendu.fr/immobilier/location/appartement/1285558598A1KILHAP000
Appartement 58 m2 Lyon 4,1 190 € CC*,https://www.paruvendu.fr/immobilier/location/appartement/1283559625A1KILHAP000
Appartement 55 m2 Lyon 8,1 070 € CC*,https://www.paruvendu.fr/immobilier/location/appartement/1281957200A1KILHAP000
Appartement 83 m2 Lyon 3,1 730 € CC*,https://www.paruvendu.fr/immobilier/location/appartement/1281074897A1KILHAP000
Appartement 50 m2 Lyon 6,1 170 € CC*,https://www.paruvendu.fr/immobilier/location/appartement/1274674751A1KILHAP000
Appartement 95 m2 Lyon 3,1 500 € CC*,https://www.paruvendu.fr/immobilier/location/appartement/1287726792A1KILHAP000
Appartement 20 m2 Lyon 1,581 € CC*,https://www.paruvendu.fr/immobilier/location/appartement/1287726630A1KILHAP000
Appartement 72 m2 Lyon 6,1 072 € CC*,https://www.paruvendu.fr/immobilier/location/appartement/1287726623A1KILHAP000
Appartement 22 m2 Lyon 3,608 € CC*,https://www.paruvendu.fr/immobilier/location/appartement/1287726624A1KILHAP000
Appartement 75 m2 Lyon 3,1 420 € CC*,https://www.paruvendu.fr/immobilier/location/appartement/1287726626A1KILHAP000
Appartement 25 m2 Lyon 7,615 € CC*,https://www.paruvendu.fr/immobilier/location/appartement/1287726627A1KILHAP000
Chambre 16 m2 Lyon 8,561 € CC*,https://www.paruvendu.fr/immobilier/location/chambre/1287726628A1KILHCM000
Appartement 18 m2 Lyon 3,681 € CC*,https://www.paruvendu.fr/immobilier/location/appartement/1287726118A1KILHAP000
Appartement 31 m2 Lyon 2,996 € CC*,https://www.paruvendu.fr/immobilier/location/appartement/1287726119A1KILHAP000
Appartement 26 m2 Lyon 2,602 € CC*,https://www.paruvendu.fr/immobilier/location/appartement/1287726120A1KILHAP000
Appartement 20 m2 Lyon 3,695 € CC*,https://www.paruvendu.fr/immobilier/location/appartement/1287726116A1KILHAP000
Appartement 49 m2 Lyon 7,853 € CC*,https://www.paruvendu.fr/immobilier/location/appartement/1287726117A1KILHAP000
Appartement 20 m2 Lyon 7,520 € CC*,https://www.paruvendu.fr/immobilier/location/appartement/1287725014A1KILHAP000
Appartement 15 m2 Lyon 1,551 € CC*,https://www.paruvendu.fr/immobilier/location/appartement/1287725015A1KILHAP000
Appartement 37 m2 Lyon 6,830 € CC*,https://www.paruvendu.fr/immobilier/location/appartement/1287725006A1KILHAP000
Appartement 36 m2 Lyon 7,773 € CC*,https://www.paruvendu.fr/immobilier/location/appartement/1287725007A1KILHAP000
Appartement 36 m2 Lyon 9,691 € CC*,https://www.paruvendu.fr/immobilier/location/appartement/1287725011A1KILHAP000
Appartement 17 m2 Lyon 2,545 € CC*,https://www.paruvendu.fr/immobilier/location/appartement/1287725004A1KILHAP000
Appartement 18 m2 Lyon 5,750 € CC*,https://www.paruvendu.fr/immobilier/location/appartement/1287725005A1KILHAP000
Appartement 53 m2 Lyon 9,894 € CC*,https://www.paruvendu.fr/immobilier/location/appartement/1287724999A1KILHAP000
Chambre 9 m2 Lyon 7,400 € CC*,https://www.paruvendu.fr/immobilier/location/chambre/1287725000A1KILHCM000
Chambre 11 m2 Lyon 7,450 € CC*,https://www.paruvendu.fr/immobilier/location/chambre/1287725001A1KILHCM000
Appartement 49 m2 Lyon 4,915 € CC*,https://www.paruvendu.fr/immobilier/location/appartement/1287725002A1KILHAP000
Appartement 51 m2 Lyon 9,1 092 € CC*,https://www.paruvendu.fr/immobilier/location/appartement/1287706040A1KILHAP000
Appartement 50 m2 Lyon 3,960 € CC*,https://www.paruvendu.fr/immobilier/location/appartement/1287705590A1KILHAP000
Appartement 60 m2 Lyon 3,1 060 € CC*,https://www.paruvendu.fr/immobilier/location/appartement/1287705588A1KILHAP000
Appartement 50 m2 Lyon 5,1 491 € CC*,https://www.paruvendu.fr/immobilier/location/appartement/1287679349A1KILHAP000
Appartement 52 m2 Lyon 9,1 091 € CC*,https://www.paruvendu.fr/immobilier/location/appartement/1287679347A1KILHAP000
Appartement 47 m2 Lyon 4,941 € CC*,https://www.paruvendu.fr/immobilier/location/appartement/1287679341A1KILHAP000
Appartement 52 m2 Lyon 6,1 065 € CC*,https://www.paruvendu.fr/immobilier/location/appartement/1287729436A1KILHAP000
Appartement 43 m2 Lyon 5,900 € CC*,https://www.paruvendu.fr/immobilier/location/appartement/1287729171A1KILHAP000
Appartement 33 m2 Lyon 8,780 € CC*,https://www.paruvendu.fr/immobilier/location/appartement/1287729150A1KILHAP000
Appartement 25 m2 Lyon 8,700 € CC*,https://www.paruvendu.fr/immobilier/location/appartement/1287729132A1KILHAP000
Appartement 54 m2 Lyon 8,885 € CC*,https://www.paruvendu.fr/immobilier/location/appartement/1287729073A1KILHAP000
Appartement 55 m2 Lyon 9,990 € CC*,https://www.paruvendu.fr/immobilier/location/appartement/1287729035A1KILHAP000
Appartement 43 m2 Lyon 9,786 € CC*,https://www.paruvendu.fr/immobilier/location/appartement/1287728258A1KILHAP000
Appartement 38 m2 Lyon 7,856 € CC*,https://www.paruvendu.fr/immobilier/location/appartement/1287727820A1KILHAP000
Appartement 44 m2 Lyon 3,740 € CC*,https://www.paruvendu.fr/immobilier/location/appartement/1287727819A1KILHAP000
Appartement 24 m2 Lyon 2,532 € CC*,https://www.paruvendu.fr/immobilier/location/appartement/1287727816A1KILHAP000
Appartement 64 m2 Lyon 8,1 066 € CC*,https://www.paruvendu.fr/immobilier/location/appartement/1287727818A1KILHAP000
Appartement 19 m2 Lyon 2,453 € CC*,https://www.paruvendu.fr/immobilier/location/appartement/1287727578A1KILHAP000
Appartement 32 m2 Lyon 4,621 € CC*,https://www.paruvendu.fr/immobilier/location/appartement/1287727579A1KILHAP000
Appartement 53 m2 Lyon 2,1 300 € CC*,https://www.paruvendu.fr/immobilier/location/appartement/1287728842A1KILHAP000
Appartement 49 m2 Lyon 8,935 € CC*,https://www.paruvendu.fr/immobilier/location/appartement/1287715567A1KILHAP000
Appartement 67 m2 Lyon 3,1 282 € CC*,https://www.paruvendu.fr/immobilier/location/appartement/1287715295A1KILHAP000
Appartement 53 m2 Lyon 9,824 € CC*,https://www.paruvendu.fr/immobilier/location/appartement/1287714160A1KILHAP000
Appartement 26 m2 Lyon 9,920 € CC*,https://www.paruvendu.fr/immobilier/location/appartement/1287729133A1KILHAP000
Appartement 20 m2 Lyon 8,570 € CC*,https://www.paruvendu.fr/immobilier/location/appartement/1287728989A1KILHAP000
Appartement 64 m2 Lyon 2,1 066 € CC*,https://www.paruvendu.fr/immobilier/location/appartement/1287728869A1KILHAP000
Appartement 20 m2 Lyon 3,680 € CC*,https://www.paruvendu.fr/immobilier/location/appartement/1287728970A1KILHAP000
Appartement 68 m2 Lyon 7,1 226 € CC*,https://www.paruvendu.fr/immobilier/location/appartement/1287729041A1KILHAP000
Appartement 16 m2 Lyon 7,381 € CC*,https://www.paruvendu.fr/immobilier/location/appartement/1287728242A1KILHAP000
Appartement 58 m2 Lyon 6,765 € CC*,https://www.paruvendu.fr/immobilier/location/appartement/1287360727A1KILHAP000
Appartement 48 m2 Lyon 8,1 015 € CC*,https://www.paruvendu.fr/immobilier/location/appartement/1287729212A1KILHAP000
Appartement 38 m2 Lyon 3,910 € CC*,https://www.paruvendu.fr/immobilier/location/appartement/1287262739A1KILHAP000
Appartement 55 m2 Lyon 5,1 200 € CC*,https://www.paruvendu.fr/immobilier/location/appartement/1287262708A1KILHAP000
Appartement 11 m2 Lyon 5,310 € CC*,https://www.paruvendu.fr/immobilier/location/appartement/1287729140A1KILHAP000
Appartement 38 m2 Lyon 3,980 € CC*,https://www.paruvendu.fr/immobilier/location/appartement/1287728921A1KILHAP000
Appartement 63 m2 Lyon 3,1 086 € CC*,https://www.paruvendu.fr/immobilier/location/appartement/t3-lyon-3/1269412486A1KILHAP000
Appartement 47 m2 Lyon 1,997 € CC*,https://www.paruvendu.fr/immobilier/location/appartement/1287726788A1KILHAP000
Appartement 52 m2 Lyon 3,980 € CC*,https://www.paruvendu.fr/immobilier/location/appartement/1287726789A1KILHAP000
Appartement 20 m2 Lyon 8,569 € CC*,https://www.paruvendu.fr/immobilier/location/appartement/1287726790A1KILHAP000
