Lieu,Prix,Détails,Lien
Lyon 3E,960 €,2 pièces 1 chambre 55 m²,https://www.pap.fr/annonces/appartement-lyon-3e-r448201583
Lyon 2E - Presqu’île,1.310 €,2 pièces 1 chambre 70 m²,https://www.pap.fr/annonces/appartement-lyon-2e-presqu-ile-r460901650
Lyon 6E (69006),2.575 €,5 pièces 4 chambres 140 m²,https://www.pap.fr/annonces/appartement-lyon-6e-69006-r445001535
Signer un contrat de location,N/C,,https://www.pap.fr/outils/atelier/detail?origine=liste-location&slug=signer-contrat-location
Lyon 8E (69008),990 €,3 pièces 2 chambres 65 m²,https://www.pap.fr/annonces/appartement-lyon-8e-69008-r461501098
Lyon 4E (69004),1.650 €,"2 pièces 1 chambre 46,04 m²",https://www.pap.fr/annonces/appartement-lyon-4e-69004-r451800921
Lyon 1Er (69001),995 €,2 pièces 1 chambre 45 m²,https://www.pap.fr/annonces/appartement-lyon-1er-69001-r461700392
Lyon 4E (69004),980 €,2 pièces 1 chambre 48 m²,https://www.pap.fr/annonces/appartement-lyon-4e-69004-r461602277
Lyon 4E (69004),1.250 €,"3 pièces 2 chambres 53,13 m²",https://www.pap.fr/annonces/appartement-lyon-4e-69004-r461602385
Lyon 5E (69005),1.130 €,2 pièces 1 chambre 72 m²,https://www.pap.fr/annonces/appartement-lyon-5e-69005-r461601762
Lyon 6E (69006),1.160 €,2 pièces 1 chambre 59 m²,https://www.pap.fr/annonces/appartement-lyon-6e-69006-r455301328
Lyon 8E (69008),900 €,2 pièces 1 chambre 43 m²,https://www.pap.fr/annonces/appartement-lyon-8e-69008-r461601181
Lyon 8E (69008),990 €,3 pièces 2 chambres 65 m²,https://www.pap.fr/annonces/appartement-lyon-8e-69008-r461501098
Lyon 2E (69002),1.050 €,2 pièces 1 chambre 41 m²,https://www.pap.fr/annonces/appartement-lyon-2e-69002-r460901818
Lyon 8E,1.090 €,2 pièces 1 chambre 57 m²,https://www.pap.fr/annonces/appartement-lyon-8e-r406501698
Lyon 3E (69003),1.488 €,3 pièces 1 chambre 73 m²,https://www.pap.fr/annonces/appartement-lyon-3e-69003-r461600961
Lutte anti-fraude,N/C,,https://www.pap.fr/lutte-contre-la-fraude
Lyon 4E (69004),1.147 €,"2 pièces 1 chambre 47,14 m²",https://www.pap.fr/annonces/appartement-lyon-4e-69004-r443502324
Lyon 7E (69007),710 €,2 pièces 2 chambres 53 m²,https://www.pap.fr/annonces/appartement-lyon-7e-69007-r461600979
Lyon 8E (69008),1.460 €,4 pièces 3 chambres 78 m²,https://www.pap.fr/annonces/appartement-lyon-8e-69008-r461601172
Lyon 8E (69008),1.180 €,2 pièces 1 chambre 45 m²,https://www.pap.fr/annonces/appartement-lyon-8e-69008-r461601214
Lyon 2E (69002),1.050 €,2 pièces 1 chambre 41 m²,https://www.pap.fr/annonces/appartement-lyon-2e-69002-r460901818
Lyon 3E (69003),1.470 €,4 pièces 2 chambres 89 m²,https://www.pap.fr/annonces/appartement-lyon-3e-69003-r461501086
Lyon 6E,1.762 €,3 pièces 2 chambres 88 m²,https://www.pap.fr/annonces/appartement-lyon-6e-r449801648
Lyon 6E (69006),2.100 €,4 pièces 3 chambres 120 m²,https://www.pap.fr/annonces/appartement-lyon-6e-69006-r461401010
Lyon 2E (69002),2.050 €,3 pièces 2 chambres 80 m²,https://www.pap.fr/annonces/appartement-lyon-2e-69002-r461400053
Exclusivité PAP,N/C,,https://www.pap.fr/pass-avant-premiere
Lyon 8E,1.090 €,2 pièces 1 chambre 57 m²,https://www.pap.fr/annonces/appartement-lyon-8e-r406501698
Lyon 6E (69006),2.575 €,5 pièces 4 chambres 140 m²,https://www.pap.fr/annonces/appartement-lyon-6e-69006-r445001535
Lyon 8E (69008),990 €,3 pièces 2 chambres 65 m²,https://www.pap.fr/annonces/appartement-lyon-8e-69008-r461501098
Lyon 3E (69003),995 €,2 pièces 1 chambre 53 m²,https://www.pap.fr/annonces/appartement-lyon-3e-69003-r461302345
Lyon 4E (69004),1.300 €,3 pièces 2 chambres 73 m²,https://www.pap.fr/annonces/appartement-lyon-4e-69004-r454500080
Lyon 8E,1.090 €,2 pièces 1 chambre 57 m²,https://www.pap.fr/annonces/appartement-lyon-8e-r406501698
Lyon 3E (69003),1.500 €,3 pièces 2 chambres 95 m²,https://www.pap.fr/annonces/appartement-lyon-3e-69003-r461202469
Lyon 7E (69007),1.090 €,2 pièces 1 chambre 56 m²,https://www.pap.fr/annonces/appartement-lyon-7e-69007-r461300552
Lyon 3E (69003),1.210 €,3 pièces 2 chambres 75 m²,https://www.pap.fr/annonces/appartement-lyon-3e-69003-r461102040
Lyon 4E (69004),1.033 €,2 pièces 1 chambre 47 m²,https://www.pap.fr/annonces/appartement-lyon-4e-69004-r439501724
Lyon 8E (69008),750 €,2 pièces 1 chambre 55 m²,https://www.pap.fr/annonces/appartement-lyon-8e-69008-r461001532
Et si vous étiez éligible au logement intermédiaire ou social ?,,,https://www.acceslogement.fr/annonce/vente/appartement/lyon-69-g43590?origine=recherche-pap&utm_source=pap&utm_medium=link&utm_campaign=pap_bannieres_appartment
